worker,problem,example,row,col
A28AXX4NCWPH1F,37,1,1,6
A28AXX4NCWPH1F,37,2,1,1
A28AXX4NCWPH1F,37,3,6,1
A28AXX4NCWPH1F,37,4,6,6
A28AXX4NCWPH1F,24,1,1,3
A28AXX4NCWPH1F,24,2,6,3
A28AXX4NCWPH1F,24,3,3,2
A28AXX4NCWPH1F,24,4,3,5
A28AXX4NCWPH1F,11,1,2,3
A28AXX4NCWPH1F,11,2,6,1
A28AXX4NCWPH1F,11,3,6,6
A28AXX4NCWPH1F,11,4,2,4
A28AXX4NCWPH1F,5,1,5,1
A28AXX4NCWPH1F,5,2,5,6
A28AXX4NCWPH1F,2,1,1,2
A28AXX4NCWPH1F,2,2,6,5
A28AXX4NCWPH1F,30,1,4,2
A28AXX4NCWPH1F,30,2,3,5
A28AXX4NCWPH1F,4,1,2,1
A28AXX4NCWPH1F,25,1,2,3
A28AXX4NCWPH1F,25,2,4,1
A28AXX4NCWPH1F,17,1,2,5
A28AXX4NCWPH1F,17,2,4,1
A28AXX4NCWPH1F,1,1,1,3
A28AXX4NCWPH1F,1,2,4,6
A28AXX4NCWPH1F,20,1,2,5
A28AXX4NCWPH1F,20,2,6,5
A28AXX4NCWPH1F,12,1,3,5
A28AXX4NCWPH1F,12,2,6,1
A28AXX4NCWPH1F,16,1,3,3
A28AXX4NCWPH1F,16,2,6,3
A28AXX4NCWPH1F,16,3,3,2
A28AXX4NCWPH1F,27,1,5,5
A28AXX4NCWPH1F,27,2,6,1
A28AXX4NCWPH1F,6,1,1,3
A28AXX4NCWPH1F,6,2,6,3
A28AXX4NCWPH1F,33,1,3,3
A28AXX4NCWPH1F,33,2,5,4
A28AXX4NCWPH1F,40,1,1,1
A28AXX4NCWPH1F,40,2,6,6
A28AXX4NCWPH1F,36,1,3,6
A28AXX4NCWPH1F,36,2,1,1
A28AXX4NCWPH1F,23,1,6,5
A28AXX4NCWPH1F,23,2,1,5
A28AXX4NCWPH1F,23,3,6,2
A28AXX4NCWPH1F,39,1,6,5
A28AXX4NCWPH1F,39,2,1,2
A3774HPOUKYTX7,31,1,2,1
A3774HPOUKYTX7,25,1,2,3
A3774HPOUKYTX7,2,1,1,3
A3774HPOUKYTX7,27,1,3,2
A3774HPOUKYTX7,19,1,1,1
A3774HPOUKYTX7,3,1,3,3
A3774HPOUKYTX7,33,1,2,3
A3774HPOUKYTX7,30,1,2,4
A3774HPOUKYTX7,37,1,1,1
A3774HPOUKYTX7,1,1,1,3
A3774HPOUKYTX7,39,1,1,5
A3774HPOUKYTX7,34,1,2,1
A3774HPOUKYTX7,5,1,5,1
A3774HPOUKYTX7,8,1,4,2
A3774HPOUKYTX7,18,1,2,5
A3774HPOUKYTX7,12,1,4,3
A3774HPOUKYTX7,15,1,3,2
A3774HPOUKYTX7,35,1,5,5
A3774HPOUKYTX7,28,1,5,5
A3774HPOUKYTX7,26,1,3,3
A37XBH865833FE,33,1,2,3
A37XBH865833FE,33,2,5,4
A37XBH865833FE,24,1,1,3
A37XBH865833FE,24,2,6,4
A37XBH865833FE,28,1,3,5
A37XBH865833FE,28,2,5,2
A37XBH865833FE,7,1,2,3
A37XBH865833FE,7,2,5,5
A37XBH865833FE,29,1,4,3
A37XBH865833FE,29,2,4,2
A37XBH865833FE,29,3,2,5
A37XBH865833FE,5,1,6,1
A37XBH865833FE,5,2,6,6
A37XBH865833FE,3,1,3,4
A37XBH865833FE,11,1,2,4
A37XBH865833FE,11,2,6,1
A37XBH865833FE,37,1,2,5
A37XBH865833FE,37,2,5,2
A37XBH865833FE,4,1,2,1
A37XBH865833FE,4,2,2,6
A37XBH865833FE,30,1,4,2
A37XBH865833FE,30,2,5,2
A37XBH865833FE,8,1,2,3
A37XBH865833FE,8,2,2,4
A37XBH865833FE,32,1,2,3
A37XBH865833FE,32,2,5,3
A37XBH865833FE,2,1,1,2
A37XBH865833FE,2,2,1,5
A37XBH865833FE,21,1,4,2
A37XBH865833FE,21,2,2,4
A37XBH865833FE,14,1,3,3
A37XBH865833FE,14,2,4,4
A37XBH865833FE,1,1,1,3
A37XBH865833FE,1,2,1,4
A37XBH865833FE,25,1,3,1
A37XBH865833FE,25,2,5,3
A37XBH865833FE,25,3,2,3
A37XBH865833FE,13,1,4,3
A37XBH865833FE,13,2,4,4
A37XBH865833FE,17,1,2,3
A37XBH865833FE,17,2,4,1
A1PBFDQR599N3K,18,1,2,5
A1PBFDQR599N3K,23,1,1,2
A1PBFDQR599N3K,23,2,6,5
A1PBFDQR599N3K,23,3,2,3
A1PBFDQR599N3K,23,4,5,4
A1PBFDQR599N3K,37,1,2,5
A1PBFDQR599N3K,37,2,5,2
A1PBFDQR599N3K,37,3,2,2
A1PBFDQR599N3K,37,4,5,5
A1PBFDQR599N3K,2,1,1,2
A1PBFDQR599N3K,2,2,6,5
A1PBFDQR599N3K,2,3,1,5
A1PBFDQR599N3K,2,4,6,2
A1PBFDQR599N3K,9,1,2,2
A1PBFDQR599N3K,9,2,5,3
A1PBFDQR599N3K,9,3,6,1
A1PBFDQR599N3K,9,4,4,2
A1PBFDQR599N3K,34,1,3,5
A1PBFDQR599N3K,15,1,3,4
A1PBFDQR599N3K,15,2,5,2
A1PBFDQR599N3K,15,3,5,4
A1PBFDQR599N3K,15,4,3,2
A1PBFDQR599N3K,16,1,1,4
A1PBFDQR599N3K,16,2,6,3
A1PBFDQR599N3K,16,3,4,5
A1PBFDQR599N3K,16,4,3,2
A1PBFDQR599N3K,30,1,4,2
A1PBFDQR599N3K,30,2,2,5
A1PBFDQR599N3K,30,3,5,4
A1PBFDQR599N3K,30,4,5,2
A1PBFDQR599N3K,7,1,2,5
A1PBFDQR599N3K,7,2,2,3
A1PBFDQR599N3K,7,3,5,3
A1PBFDQR599N3K,7,4,5,5
A1PBFDQR599N3K,1,1,1,3
A1PBFDQR599N3K,1,2,3,6
A1PBFDQR599N3K,1,3,6,4
A1PBFDQR599N3K,1,4,3,1
A1PBFDQR599N3K,36,1,3,1
A1PBFDQR599N3K,36,2,3,2
A1PBFDQR599N3K,36,3,3,4
A1PBFDQR599N3K,36,4,3,6
A1PBFDQR599N3K,11,1,2,3
A1PBFDQR599N3K,11,2,6,6
A1PBFDQR599N3K,11,3,5,1
A1PBFDQR599N3K,11,4,4,4
A1PBFDQR599N3K,5,1,5,1
A1PBFDQR599N3K,5,2,6,6
A1PBFDQR599N3K,5,3,5,6
A1PBFDQR599N3K,5,4,6,1
A1PBFDQR599N3K,24,1,2,4
A1PBFDQR599N3K,24,2,5,3
A1PBFDQR599N3K,24,3,3,2
A1PBFDQR599N3K,24,4,4,5
A1PBFDQR599N3K,14,1,3,3
A1PBFDQR599N3K,14,2,4,4
A1PBFDQR599N3K,14,3,3,4
A1PBFDQR599N3K,14,4,4,3
A1PBFDQR599N3K,40,1,1,1
A1PBFDQR599N3K,40,2,6,6
A1PBFDQR599N3K,40,3,4,4
A1PBFDQR599N3K,40,4,3,3
A1PBFDQR599N3K,6,1,2,3
A1PBFDQR599N3K,6,2,5,4
A1PBFDQR599N3K,6,3,4,2
A1PBFDQR599N3K,6,4,3,5
A1PBFDQR599N3K,39,1,2,3
A1PBFDQR599N3K,39,2,5,5
A1PBFDQR599N3K,39,3,2,5
A1PBFDQR599N3K,39,4,5,2
A1PBFDQR599N3K,25,1,2,3
A1PBFDQR599N3K,25,2,5,4
A1PBFDQR599N3K,25,3,3,5
A1PBFDQR599N3K,25,4,4,2
AOOLS8280CL0Z,32,1,6,2
AOOLS8280CL0Z,32,2,2,4
AOOLS8280CL0Z,32,3,5,4
AOOLS8280CL0Z,9,1,2,1
AOOLS8280CL0Z,9,2,6,3
AOOLS8280CL0Z,9,3,5,2
AOOLS8280CL0Z,31,1,2,1
AOOLS8280CL0Z,31,2,5,4
AOOLS8280CL0Z,28,1,5,5
AOOLS8280CL0Z,28,2,3,2
AOOLS8280CL0Z,28,3,5,2
AOOLS8280CL0Z,11,1,2,3
AOOLS8280CL0Z,11,2,5,6
AOOLS8280CL0Z,11,3,5,1
AOOLS8280CL0Z,23,1,1,5
AOOLS8280CL0Z,23,2,5,4
AOOLS8280CL0Z,23,3,2,4
AOOLS8280CL0Z,30,1,5,2
AOOLS8280CL0Z,30,2,4,4
AOOLS8280CL0Z,30,3,5,4
AOOLS8280CL0Z,15,1,5,4
AOOLS8280CL0Z,15,2,3,2
AOOLS8280CL0Z,15,3,3,3
AOOLS8280CL0Z,6,1,1,4
AOOLS8280CL0Z,6,2,3,5
AOOLS8280CL0Z,6,3,3,2
AOOLS8280CL0Z,6,4,5,4
AOOLS8280CL0Z,2,1,1,2
AOOLS8280CL0Z,2,2,6,5
AOOLS8280CL0Z,36,1,1,4
AOOLS8280CL0Z,36,2,3,1
AOOLS8280CL0Z,36,3,3,4
AOOLS8280CL0Z,29,1,5,3
AOOLS8280CL0Z,29,2,2,5
AOOLS8280CL0Z,29,3,4,3
AOOLS8280CL0Z,12,1,6,1
AOOLS8280CL0Z,12,2,3,5
AOOLS8280CL0Z,12,3,5,1
AOOLS8280CL0Z,1,1,1,4
AOOLS8280CL0Z,1,2,1,3
AOOLS8280CL0Z,34,1,2,2
AOOLS8280CL0Z,34,2,3,6
AOOLS8280CL0Z,34,3,3,2
AOOLS8280CL0Z,34,4,2,1
AOOLS8280CL0Z,5,1,5,1
AOOLS8280CL0Z,5,2,6,1
AOOLS8280CL0Z,5,3,5,6
AOOLS8280CL0Z,5,4,6,6
AOOLS8280CL0Z,21,1,2,4
AOOLS8280CL0Z,21,2,4,2
AOOLS8280CL0Z,21,3,4,3
AOOLS8280CL0Z,21,4,4,4
AOOLS8280CL0Z,7,1,2,5
AOOLS8280CL0Z,7,2,5,5
AOOLS8280CL0Z,7,3,5,3
AOOLS8280CL0Z,7,4,2,3
AOOLS8280CL0Z,39,1,1,5
AOOLS8280CL0Z,39,2,5,2
AOOLS8280CL0Z,25,1,3,6
AOOLS8280CL0Z,25,2,2,3
AOOLS8280CL0Z,25,3,2,4
A17Q4QN6UE0EZC,12,1,3,3
A17Q4QN6UE0EZC,12,2,5,1
A17Q4QN6UE0EZC,20,1,1,1
A17Q4QN6UE0EZC,20,2,2,1
A17Q4QN6UE0EZC,20,3,2,5
A17Q4QN6UE0EZC,20,4,4,1
A17Q4QN6UE0EZC,30,1,4,2
A17Q4QN6UE0EZC,30,2,5,2
A17Q4QN6UE0EZC,11,1,2,3
A17Q4QN6UE0EZC,11,2,2,4
A17Q4QN6UE0EZC,38,1,2,3
A17Q4QN6UE0EZC,38,2,3,2
A17Q4QN6UE0EZC,38,3,3,3
A17Q4QN6UE0EZC,33,1,2,3
A17Q4QN6UE0EZC,33,2,5,4
A17Q4QN6UE0EZC,33,3,2,4
A17Q4QN6UE0EZC,33,4,5,3
A17Q4QN6UE0EZC,15,1,3,2
A17Q4QN6UE0EZC,15,2,5,4
A17Q4QN6UE0EZC,29,1,4,3
A17Q4QN6UE0EZC,29,2,3,4
A17Q4QN6UE0EZC,29,3,4,2
A17Q4QN6UE0EZC,9,1,5,3
A17Q4QN6UE0EZC,9,2,6,3
A17Q4QN6UE0EZC,2,1,1,3
A17Q4QN6UE0EZC,2,2,1,4
A17Q4QN6UE0EZC,13,1,4,4
A17Q4QN6UE0EZC,13,2,5,5
A17Q4QN6UE0EZC,19,1,1,1
A17Q4QN6UE0EZC,19,2,2,2
A17Q4QN6UE0EZC,24,1,3,2
A17Q4QN6UE0EZC,24,2,2,3
A17Q4QN6UE0EZC,24,3,3,5
A17Q4QN6UE0EZC,24,4,2,4
A17Q4QN6UE0EZC,21,1,4,4
A17Q4QN6UE0EZC,21,2,4,2
A17Q4QN6UE0EZC,21,3,2,4
A17Q4QN6UE0EZC,1,1,3,1
A17Q4QN6UE0EZC,1,2,1,3
A17Q4QN6UE0EZC,25,1,3,3
A17Q4QN6UE0EZC,25,2,2,3
A17Q4QN6UE0EZC,25,3,3,1
A17Q4QN6UE0EZC,25,4,2,4
A17Q4QN6UE0EZC,31,1,2,1
A17Q4QN6UE0EZC,31,2,2,6
A17Q4QN6UE0EZC,31,3,3,3
A17Q4QN6UE0EZC,31,4,2,3
A17Q4QN6UE0EZC,5,1,5,1
A17Q4QN6UE0EZC,5,2,5,6
A17Q4QN6UE0EZC,5,3,6,6
A17Q4QN6UE0EZC,17,1,2,3
A17Q4QN6UE0EZC,17,2,5,4
A17Q4QN6UE0EZC,17,3,4,1
A17Q4QN6UE0EZC,26,1,3,2
A17Q4QN6UE0EZC,26,2,2,3
A34CPKFZXBX1PO,23,1,5,4
A34CPKFZXBX1PO,23,2,2,4
A34CPKFZXBX1PO,23,3,1,5
A34CPKFZXBX1PO,11,1,2,4
A34CPKFZXBX1PO,11,2,5,6
A34CPKFZXBX1PO,30,1,3,5
A34CPKFZXBX1PO,30,2,5,2
A34CPKFZXBX1PO,6,1,1,3
A34CPKFZXBX1PO,6,2,6,3
A34CPKFZXBX1PO,2,1,6,2
A34CPKFZXBX1PO,2,2,1,2
A34CPKFZXBX1PO,40,1,1,1
A34CPKFZXBX1PO,40,2,4,4
A34CPKFZXBX1PO,40,3,6,6
A34CPKFZXBX1PO,32,1,2,3
A34CPKFZXBX1PO,32,2,1,2
A34CPKFZXBX1PO,32,3,5,3
A34CPKFZXBX1PO,39,1,1,5
A34CPKFZXBX1PO,39,2,5,5
A34CPKFZXBX1PO,10,1,4,6
A34CPKFZXBX1PO,10,2,5,5
A34CPKFZXBX1PO,10,3,6,5
A34CPKFZXBX1PO,15,1,3,2
A34CPKFZXBX1PO,15,2,4,2
A34CPKFZXBX1PO,15,3,5,2
A34CPKFZXBX1PO,4,1,2,6
A34CPKFZXBX1PO,4,2,3,5
A34CPKFZXBX1PO,4,3,4,4
A34CPKFZXBX1PO,35,1,2,5
A34CPKFZXBX1PO,35,2,5,2
A34CPKFZXBX1PO,35,3,2,2
A34CPKFZXBX1PO,9,1,5,3
A34CPKFZXBX1PO,9,2,6,3
A34CPKFZXBX1PO,9,3,2,1
A34CPKFZXBX1PO,37,1,1,5
A34CPKFZXBX1PO,37,2,2,5
A34CPKFZXBX1PO,37,3,2,2
A34CPKFZXBX1PO,37,4,1,2
A34CPKFZXBX1PO,33,1,2,3
A34CPKFZXBX1PO,33,2,5,4
A34CPKFZXBX1PO,33,3,2,4
A34CPKFZXBX1PO,33,4,5,3
A34CPKFZXBX1PO,36,1,3,1
A34CPKFZXBX1PO,36,2,3,3
A34CPKFZXBX1PO,36,3,3,6
A34CPKFZXBX1PO,25,1,2,3
A34CPKFZXBX1PO,25,2,4,1
A34CPKFZXBX1PO,25,3,5,4
A34CPKFZXBX1PO,24,1,1,3
A34CPKFZXBX1PO,24,2,2,3
A34CPKFZXBX1PO,7,1,5,3
A34CPKFZXBX1PO,7,2,2,3
A34CPKFZXBX1PO,1,1,1,4
A34CPKFZXBX1PO,1,2,6,3
A3VEF4M5FIN7KH,11,1,3,3
A3VEF4M5FIN7KH,11,2,6,6
A3VEF4M5FIN7KH,11,3,6,1
A3VEF4M5FIN7KH,11,4,2,4
A3VEF4M5FIN7KH,22,1,2,3
A3VEF4M5FIN7KH,22,2,5,4
A3VEF4M5FIN7KH,32,1,1,5
A3VEF4M5FIN7KH,32,2,6,5
A3VEF4M5FIN7KH,32,3,6,2
A3VEF4M5FIN7KH,32,4,1,2
A3VEF4M5FIN7KH,4,1,2,6
A3VEF4M5FIN7KH,4,2,6,6
A3VEF4M5FIN7KH,4,3,6,1
A3VEF4M5FIN7KH,4,4,2,1
A3VEF4M5FIN7KH,9,1,2,1
A3VEF4M5FIN7KH,9,2,6,1
A3VEF4M5FIN7KH,9,3,5,3
A3VEF4M5FIN7KH,9,4,6,3
A3VEF4M5FIN7KH,8,1,3,1
A3VEF4M5FIN7KH,8,2,6,2
A3VEF4M5FIN7KH,8,3,2,4
A3VEF4M5FIN7KH,8,4,6,4
A3VEF4M5FIN7KH,26,1,2,3
A3VEF4M5FIN7KH,26,2,5,4
A3VEF4M5FIN7KH,26,3,3,5
A3VEF4M5FIN7KH,26,4,4,2
A3VEF4M5FIN7KH,28,1,5,2
A3VEF4M5FIN7KH,28,2,3,2
A3VEF4M5FIN7KH,28,3,3,5
A3VEF4M5FIN7KH,28,4,5,5
A3VEF4M5FIN7KH,3,1,3,4
A3VEF4M5FIN7KH,3,2,4,3
A3VEF4M5FIN7KH,3,3,4,4
A3VEF4M5FIN7KH,3,4,3,3
A3VEF4M5FIN7KH,39,1,5,5
A3VEF4M5FIN7KH,39,2,6,2
A3VEF4M5FIN7KH,39,3,1,2
A3VEF4M5FIN7KH,39,4,2,5
A3VEF4M5FIN7KH,10,1,1,5
A3VEF4M5FIN7KH,10,2,4,6
A3VEF4M5FIN7KH,10,3,4,2
A3VEF4M5FIN7KH,10,4,6,5
A3VEF4M5FIN7KH,35,1,1,6
A3VEF4M5FIN7KH,35,2,6,6
A3VEF4M5FIN7KH,35,3,6,1
A3VEF4M5FIN7KH,35,4,1,1
A3VEF4M5FIN7KH,27,1,6,1
A3VEF4M5FIN7KH,27,2,6,6
A3VEF4M5FIN7KH,27,3,3,2
A3VEF4M5FIN7KH,27,4,3,5
A3VEF4M5FIN7KH,2,1,1,5
A3VEF4M5FIN7KH,2,2,6,5
A3VEF4M5FIN7KH,2,3,6,2
A3VEF4M5FIN7KH,2,4,1,2
A3VEF4M5FIN7KH,30,1,2,5
A3VEF4M5FIN7KH,30,2,5,4
A3VEF4M5FIN7KH,30,3,5,2
A3VEF4M5FIN7KH,30,4,4,2
A3VEF4M5FIN7KH,5,1,5,6
A3VEF4M5FIN7KH,5,2,6,6
A3VEF4M5FIN7KH,5,3,6,1
A3VEF4M5FIN7KH,5,4,5,1
A3VEF4M5FIN7KH,37,1,1,6
A3VEF4M5FIN7KH,37,2,1,1
A3VEF4M5FIN7KH,37,3,6,1
A3VEF4M5FIN7KH,37,4,6,6
A3VEF4M5FIN7KH,25,1,2,4
A3VEF4M5FIN7KH,25,2,5,3
A3VEF4M5FIN7KH,25,3,3,6
A3VEF4M5FIN7KH,25,4,4,1
A3VEF4M5FIN7KH,20,1,1,1
A3VEF4M5FIN7KH,20,2,6,6
A3VEF4M5FIN7KH,20,3,4,1
A3VEF4M5FIN7KH,20,4,2,5
A3VEF4M5FIN7KH,16,1,1,4
A3VEF4M5FIN7KH,16,2,6,3
A3VEF4M5FIN7KH,16,3,4,2
A3VEF4M5FIN7KH,16,4,3,5
A11TPUPFP2S4MK,1,1,6,3
A11TPUPFP2S4MK,1,2,1,4
A11TPUPFP2S4MK,16,1,3,2
A11TPUPFP2S4MK,16,2,1,4
A11TPUPFP2S4MK,11,1,2,4
A11TPUPFP2S4MK,11,2,5,6
A11TPUPFP2S4MK,36,1,3,4
A11TPUPFP2S4MK,36,2,3,3
A11TPUPFP2S4MK,3,1,3,3
A11TPUPFP2S4MK,7,1,5,3
A11TPUPFP2S4MK,38,1,1,4
A11TPUPFP2S4MK,38,2,2,3
A11TPUPFP2S4MK,12,1,5,1
A11TPUPFP2S4MK,12,2,3,3
A11TPUPFP2S4MK,32,1,2,4
A11TPUPFP2S4MK,32,2,1,2
A11TPUPFP2S4MK,21,1,2,4
A11TPUPFP2S4MK,23,1,5,4
A11TPUPFP2S4MK,23,2,1,5
A11TPUPFP2S4MK,23,3,2,4
A11TPUPFP2S4MK,28,1,3,5
A11TPUPFP2S4MK,35,1,5,5
A11TPUPFP2S4MK,35,2,5,2
A11TPUPFP2S4MK,8,1,3,4
A11TPUPFP2S4MK,8,2,2,3
A11TPUPFP2S4MK,39,1,1,5
A11TPUPFP2S4MK,39,2,1,2
A11TPUPFP2S4MK,31,1,2,4
A11TPUPFP2S4MK,31,2,2,5
A11TPUPFP2S4MK,4,1,2,6
A11TPUPFP2S4MK,18,1,2,5
A11TPUPFP2S4MK,25,1,3,6
A11TPUPFP2S4MK,6,1,1,4
A2SWQM5X54P1O5,39,1,5,2
A2SWQM5X54P1O5,39,2,2,2
A2SWQM5X54P1O5,27,1,6,6
A2SWQM5X54P1O5,27,2,3,3
A2SWQM5X54P1O5,4,1,2,1
A2SWQM5X54P1O5,4,2,3,2
A2SWQM5X54P1O5,19,1,1,4
A2SWQM5X54P1O5,19,2,1,1
A2SWQM5X54P1O5,32,1,2,4
A2SWQM5X54P1O5,32,2,1,5
A2SWQM5X54P1O5,32,3,6,5
A2SWQM5X54P1O5,33,1,2,4
A2SWQM5X54P1O5,36,1,2,4
A2SWQM5X54P1O5,36,2,3,4
A2SWQM5X54P1O5,36,3,2,3
A2SWQM5X54P1O5,36,4,3,3
A2SWQM5X54P1O5,12,1,3,3
A2SWQM5X54P1O5,12,2,4,2
A2SWQM5X54P1O5,12,3,5,1
A2SWQM5X54P1O5,15,1,3,4
A2SWQM5X54P1O5,15,2,3,3
A2SWQM5X54P1O5,15,3,3,2
A2SWQM5X54P1O5,15,4,4,2
A2SWQM5X54P1O5,20,1,2,5
A2SWQM5X54P1O5,20,2,2,1
A2SWQM5X54P1O5,20,3,5,2
A2SWQM5X54P1O5,35,1,2,2
A2SWQM5X54P1O5,35,2,2,1
A2SWQM5X54P1O5,35,3,1,2
A2SWQM5X54P1O5,35,4,1,1
A2SWQM5X54P1O5,28,1,5,2
A2SWQM5X54P1O5,28,2,4,2
A2SWQM5X54P1O5,28,3,3,2
A2SWQM5X54P1O5,1,1,1,3
A2SWQM5X54P1O5,1,2,2,2
A2SWQM5X54P1O5,1,3,3,1
A2SWQM5X54P1O5,26,1,2,3
A2SWQM5X54P1O5,26,2,2,4
A2SWQM5X54P1O5,26,3,3,5
A2SWQM5X54P1O5,26,4,4,5
A2SWQM5X54P1O5,3,1,3,3
A2SWQM5X54P1O5,3,2,3,4
A2SWQM5X54P1O5,3,3,4,3
A2SWQM5X54P1O5,3,4,4,4
A2SWQM5X54P1O5,34,1,5,5
A2SWQM5X54P1O5,34,2,2,2
A2SWQM5X54P1O5,34,3,3,2
A2SWQM5X54P1O5,29,1,5,2
A2SWQM5X54P1O5,29,2,2,5
A2SWQM5X54P1O5,29,3,2,4
A2SWQM5X54P1O5,29,4,4,2
A2SWQM5X54P1O5,25,1,3,1
A2SWQM5X54P1O5,25,2,4,1
A2SWQM5X54P1O5,25,3,2,3
A2SWQM5X54P1O5,14,1,3,3
A2SWQM5X54P1O5,14,2,3,4
A2SWQM5X54P1O5,14,3,4,3
A2SWQM5X54P1O5,14,4,4,4
A2SWQM5X54P1O5,7,1,2,3
A2SWQM5X54P1O5,7,2,2,4
A2SWQM5X54P1O5,7,3,2,5
A2SWQM5X54P1O5,7,4,3,5
A1R8A8BK2VN7RH,37,1,2,2
A1R8A8BK2VN7RH,37,2,5,2
A1R8A8BK2VN7RH,37,3,2,5
A1R8A8BK2VN7RH,37,4,5,5
A1R8A8BK2VN7RH,17,1,2,3
A1R8A8BK2VN7RH,17,2,5,4
A1R8A8BK2VN7RH,17,3,5,2
A1R8A8BK2VN7RH,15,1,3,4
A1R8A8BK2VN7RH,15,2,5,2
A1R8A8BK2VN7RH,20,1,1,1
A1R8A8BK2VN7RH,20,2,5,2
A1R8A8BK2VN7RH,20,3,2,5
A1R8A8BK2VN7RH,20,4,6,5
A1R8A8BK2VN7RH,10,1,2,2
A1R8A8BK2VN7RH,10,2,6,4
A1R8A8BK2VN7RH,10,3,1,5
A1R8A8BK2VN7RH,10,4,6,2
A1R8A8BK2VN7RH,6,1,1,3
A1R8A8BK2VN7RH,6,2,5,4
A1R8A8BK2VN7RH,6,3,4,2
A1R8A8BK2VN7RH,6,4,3,5
A1R8A8BK2VN7RH,4,1,2,1
A1R8A8BK2VN7RH,4,2,3,5
A1R8A8BK2VN7RH,4,3,3,2
A1R8A8BK2VN7RH,35,1,2,2
A1R8A8BK2VN7RH,35,2,5,5
A1R8A8BK2VN7RH,5,1,5,1
A1R8A8BK2VN7RH,5,2,5,6
A1R8A8BK2VN7RH,33,1,2,3
A1R8A8BK2VN7RH,33,2,5,4
A1R8A8BK2VN7RH,29,1,5,5
A1R8A8BK2VN7RH,29,2,4,2
A1R8A8BK2VN7RH,29,3,2,5
A1R8A8BK2VN7RH,22,1,2,3
A1R8A8BK2VN7RH,22,2,5,4
A1R8A8BK2VN7RH,36,1,3,1
A1R8A8BK2VN7RH,36,2,3,6
A1R8A8BK2VN7RH,18,1,5,2
A1R8A8BK2VN7RH,18,2,2,5
A1R8A8BK2VN7RH,9,1,5,3
A1R8A8BK2VN7RH,9,2,2,1
A1R8A8BK2VN7RH,9,3,6,3
A1R8A8BK2VN7RH,24,1,5,4
A1R8A8BK2VN7RH,24,2,6,4
A1R8A8BK2VN7RH,34,1,5,6
A1R8A8BK2VN7RH,34,2,3,2
A1R8A8BK2VN7RH,34,3,3,5
A1R8A8BK2VN7RH,21,1,2,4
A1R8A8BK2VN7RH,21,2,4,2
A1R8A8BK2VN7RH,21,3,4,4
A1R8A8BK2VN7RH,8,1,6,4
A1R8A8BK2VN7RH,8,2,2,4
A1R8A8BK2VN7RH,8,3,3,1
A1R8A8BK2VN7RH,11,1,2,3
A1R8A8BK2VN7RH,11,2,2,4
A1R8A8BK2VN7RH,11,3,5,1
A2TLN8489YGY81,1,1,1,4
A2TLN8489YGY81,1,2,6,3
A2TLN8489YGY81,36,1,3,1
A2TLN8489YGY81,36,2,3,6
A2TLN8489YGY81,5,1,5,1
A2TLN8489YGY81,5,2,5,6
A2TLN8489YGY81,39,1,6,5
A2TLN8489YGY81,39,2,1,5
A2TLN8489YGY81,28,1,3,5
A2TLN8489YGY81,28,2,5,2
A2TLN8489YGY81,14,1,3,4
A2TLN8489YGY81,14,2,4,3
A2TLN8489YGY81,15,1,5,2
A2TLN8489YGY81,15,2,3,4
A2TLN8489YGY81,27,1,6,1
A2TLN8489YGY81,27,2,3,5
A2TLN8489YGY81,13,1,4,3
A2TLN8489YGY81,13,2,5,2
A2TLN8489YGY81,23,1,5,4
A2TLN8489YGY81,23,2,1,2
A2TLN8489YGY81,18,1,3,6
A2TLN8489YGY81,18,2,1,4
A2TLN8489YGY81,24,1,2,4
A2TLN8489YGY81,24,2,1,4
A2TLN8489YGY81,4,1,2,1
A2TLN8489YGY81,4,2,3,2
A2TLN8489YGY81,29,1,5,2
A2TLN8489YGY81,29,2,5,3
A2TLN8489YGY81,8,1,2,3
A2TLN8489YGY81,8,2,2,4
A2TLN8489YGY81,33,1,2,4
A2TLN8489YGY81,33,2,5,3
A2TLN8489YGY81,16,1,3,2
A2TLN8489YGY81,16,2,2,3
A2TLN8489YGY81,17,1,2,3
A2TLN8489YGY81,17,2,1,4
A2TLN8489YGY81,19,1,1,1
A2TLN8489YGY81,19,2,1,4
A2TLN8489YGY81,32,1,1,2
A1BM57TUNAQIXM,26,1,3,2
A1BM57TUNAQIXM,26,2,4,5
A1BM57TUNAQIXM,4,1,2,1
A1BM57TUNAQIXM,4,2,2,6
A1BM57TUNAQIXM,4,3,4,3
A1BM57TUNAQIXM,7,1,2,3
A1BM57TUNAQIXM,7,2,5,5
A1BM57TUNAQIXM,36,1,1,1
A1BM57TUNAQIXM,36,2,3,6
A1BM57TUNAQIXM,40,1,1,1
A1BM57TUNAQIXM,40,2,6,6
A1BM57TUNAQIXM,40,3,2,2
A1BM57TUNAQIXM,40,4,3,3
A1BM57TUNAQIXM,12,1,3,3
A1BM57TUNAQIXM,12,2,5,1
A1BM57TUNAQIXM,37,1,2,2
A1BM57TUNAQIXM,37,2,2,5
A1BM57TUNAQIXM,37,3,5,2
A1BM57TUNAQIXM,9,1,5,3
A1BM57TUNAQIXM,9,2,6,3
A1BM57TUNAQIXM,31,1,5,1
A1BM57TUNAQIXM,31,2,2,1
A1BM57TUNAQIXM,31,3,5,4
A1BM57TUNAQIXM,31,4,5,6
A1BM57TUNAQIXM,34,1,5,2
A1BM57TUNAQIXM,34,2,5,1
A1BM57TUNAQIXM,34,3,5,5
A1BM57TUNAQIXM,22,1,2,3
A1BM57TUNAQIXM,22,2,3,3
A1BM57TUNAQIXM,22,3,5,4
A1BM57TUNAQIXM,33,1,5,3
A1BM57TUNAQIXM,33,2,2,3
A1BM57TUNAQIXM,24,1,1,3
A1BM57TUNAQIXM,24,2,2,3
A1BM57TUNAQIXM,17,1,2,3
A1BM57TUNAQIXM,17,2,5,4
A1BM57TUNAQIXM,17,3,3,6
A1BM57TUNAQIXM,11,1,2,3
A1BM57TUNAQIXM,11,2,2,4
A1BM57TUNAQIXM,10,1,6,2
A1BM57TUNAQIXM,10,2,6,4
A1BM57TUNAQIXM,10,3,3,3
A1BM57TUNAQIXM,13,1,4,4
A1BM57TUNAQIXM,13,2,5,5
A1BM57TUNAQIXM,25,1,3,2
A1BM57TUNAQIXM,25,2,3,1
A1BM57TUNAQIXM,25,3,2,3
A1BM57TUNAQIXM,25,4,2,4
A1BM57TUNAQIXM,35,1,2,2
A1BM57TUNAQIXM,35,2,5,5
A1BM57TUNAQIXM,35,3,5,2
A1BM57TUNAQIXM,3,1,3,3
A1BM57TUNAQIXM,3,2,4,4
A6MWJK1YEY5L2,2,1,1,2
A6MWJK1YEY5L2,2,2,6,5
A6MWJK1YEY5L2,6,1,3,1
A6MWJK1YEY5L2,6,2,6,4
A6MWJK1YEY5L2,16,1,3,2
A6MWJK1YEY5L2,16,2,1,3
A6MWJK1YEY5L2,3,1,4,3
A6MWJK1YEY5L2,11,1,5,1
A6MWJK1YEY5L2,11,2,2,3
A6MWJK1YEY5L2,4,1,2,1
A6MWJK1YEY5L2,4,2,3,2
A6MWJK1YEY5L2,13,1,6,2
A6MWJK1YEY5L2,13,2,4,4
A6MWJK1YEY5L2,36,1,3,1
A6MWJK1YEY5L2,36,2,1,6
A6MWJK1YEY5L2,15,1,4,2
A6MWJK1YEY5L2,15,2,5,3
A6MWJK1YEY5L2,37,1,2,2
A6MWJK1YEY5L2,37,2,5,5
A6MWJK1YEY5L2,37,3,2,5
A6MWJK1YEY5L2,34,1,2,2
A6MWJK1YEY5L2,34,2,3,2
A6MWJK1YEY5L2,34,3,5,2
A6MWJK1YEY5L2,35,1,2,2
A6MWJK1YEY5L2,35,2,5,5
A6MWJK1YEY5L2,30,1,4,2
A6MWJK1YEY5L2,30,2,5,2
A6MWJK1YEY5L2,30,3,2,4
A6MWJK1YEY5L2,7,1,2,3
A6MWJK1YEY5L2,7,2,5,5
A6MWJK1YEY5L2,21,1,4,4
A6MWJK1YEY5L2,21,2,3,3
A6MWJK1YEY5L2,21,3,4,2
A6MWJK1YEY5L2,28,1,5,2
A6MWJK1YEY5L2,28,2,3,5
A6MWJK1YEY5L2,18,1,4,1
A6MWJK1YEY5L2,18,2,1,4
A6MWJK1YEY5L2,9,1,6,3
A6MWJK1YEY5L2,9,2,2,1
A6MWJK1YEY5L2,24,1,5,4
A6MWJK1YEY5L2,24,2,1,4
A6MWJK1YEY5L2,24,3,1,3
A6MWJK1YEY5L2,8,1,2,3
A6MWJK1YEY5L2,8,2,6,4
A6MWJK1YEY5L2,8,3,4,1
A2NA6X1SON3KFH,34,1,2,2
A2NA6X1SON3KFH,34,2,2,5
A2NA6X1SON3KFH,34,3,5,2
A2NA6X1SON3KFH,34,4,5,5
A2NA6X1SON3KFH,17,1,2,3
A2NA6X1SON3KFH,17,2,2,5
A2NA6X1SON3KFH,17,3,4,1
A2NA6X1SON3KFH,22,1,2,3
A2NA6X1SON3KFH,22,2,5,4
A2NA6X1SON3KFH,12,1,3,3
A2NA6X1SON3KFH,12,2,4,2
A2NA6X1SON3KFH,12,3,5,1
A2NA6X1SON3KFH,28,1,5,2
A2NA6X1SON3KFH,28,2,3,2
A2NA6X1SON3KFH,28,3,3,5
A2NA6X1SON3KFH,28,4,5,5
A2NA6X1SON3KFH,24,1,2,3
A2NA6X1SON3KFH,24,2,3,2
A2NA6X1SON3KFH,24,3,4,2
A2NA6X1SON3KFH,24,4,5,3
A2NA6X1SON3KFH,29,1,4,5
A2NA6X1SON3KFH,29,2,5,3
A2NA6X1SON3KFH,29,3,2,5
A2NA6X1SON3KFH,29,4,4,2
A2NA6X1SON3KFH,1,1,6,4
A2NA6X1SON3KFH,1,2,5,5
A2NA6X1SON3KFH,1,3,4,6
A2NA6X1SON3KFH,33,1,2,3
A2NA6X1SON3KFH,33,2,5,4
A2NA6X1SON3KFH,4,1,3,2
A2NA6X1SON3KFH,4,2,2,1
A2NA6X1SON3KFH,4,3,4,3
A2NA6X1SON3KFH,9,1,6,3
A2NA6X1SON3KFH,9,2,5,3
A2NA6X1SON3KFH,9,3,2,1
A2NA6X1SON3KFH,2,1,1,2
A2NA6X1SON3KFH,2,2,6,2
A2NA6X1SON3KFH,2,3,6,5
A2NA6X1SON3KFH,36,1,1,1
A2NA6X1SON3KFH,36,2,2,3
A2NA6X1SON3KFH,36,3,2,4
A2NA6X1SON3KFH,23,1,2,3
A2NA6X1SON3KFH,23,2,5,2
A2NA6X1SON3KFH,23,3,4,2
A2NA6X1SON3KFH,23,4,5,3
A2NA6X1SON3KFH,5,1,5,1
A2NA6X1SON3KFH,5,2,5,6
A2NA6X1SON3KFH,5,3,6,1
A2NA6X1SON3KFH,5,4,6,6
A2NA6X1SON3KFH,3,1,3,3
A2NA6X1SON3KFH,3,2,4,4
A2NA6X1SON3KFH,19,1,1,4
A2NA6X1SON3KFH,19,2,2,5
A2NA6X1SON3KFH,19,3,3,6
A2NA6X1SON3KFH,40,1,4,4
A2NA6X1SON3KFH,40,2,3,3
A2NA6X1SON3KFH,15,1,3,2
A2NA6X1SON3KFH,15,2,5,4
A2NA6X1SON3KFH,37,1,2,2
A2NA6X1SON3KFH,37,2,5,5
A2NA6X1SON3KFH,37,3,5,2
AW5O1RK3W60FC,30,1,5,4
AW5O1RK3W60FC,9,1,6,3
AW5O1RK3W60FC,37,1,2,2
AW5O1RK3W60FC,37,2,2,5
AW5O1RK3W60FC,17,1,2,3
AW5O1RK3W60FC,10,1,4,6
AW5O1RK3W60FC,10,2,4,4
AW5O1RK3W60FC,12,1,5,1
AW5O1RK3W60FC,12,2,3,5
AW5O1RK3W60FC,13,1,5,5
AW5O1RK3W60FC,13,2,6,2
AW5O1RK3W60FC,6,1,1,3
AW5O1RK3W60FC,6,2,6,4
AW5O1RK3W60FC,22,1,2,3
AW5O1RK3W60FC,22,2,3,3
AW5O1RK3W60FC,34,1,2,2
AW5O1RK3W60FC,34,2,3,5
AW5O1RK3W60FC,3,1,4,3
AW5O1RK3W60FC,7,1,5,5
AW5O1RK3W60FC,7,2,2,3
AW5O1RK3W60FC,40,1,1,1
AW5O1RK3W60FC,40,2,6,6
AW5O1RK3W60FC,11,1,6,1
AW5O1RK3W60FC,11,2,2,3
AW5O1RK3W60FC,35,1,5,1
AW5O1RK3W60FC,35,2,6,5
AW5O1RK3W60FC,39,1,1,5
AW5O1RK3W60FC,39,2,5,5
AW5O1RK3W60FC,1,1,6,3
AW5O1RK3W60FC,1,2,1,3
AW5O1RK3W60FC,27,1,6,6
AW5O1RK3W60FC,27,2,3,5
AW5O1RK3W60FC,23,1,2,3
AW5O1RK3W60FC,23,2,5,4
AW5O1RK3W60FC,23,3,5,5
AW5O1RK3W60FC,28,1,5,2
AW5O1RK3W60FC,28,2,3,5
A3CGQOJC28OVGN,7,1,2,3
A3CGQOJC28OVGN,7,2,5,5
A3CGQOJC28OVGN,14,1,3,3
A3CGQOJC28OVGN,14,2,4,4
A3CGQOJC28OVGN,39,1,1,2
A3CGQOJC28OVGN,39,2,5,2
A3CGQOJC28OVGN,39,3,6,5
A3CGQOJC28OVGN,39,4,1,5
A3CGQOJC28OVGN,31,1,2,1
A3CGQOJC28OVGN,31,2,3,6
A3CGQOJC28OVGN,31,3,5,1
A3CGQOJC28OVGN,31,4,5,6
A3CGQOJC28OVGN,33,1,2,3
A3CGQOJC28OVGN,33,2,5,4
A3CGQOJC28OVGN,27,1,6,1
A3CGQOJC28OVGN,27,2,3,4
A3CGQOJC28OVGN,27,3,6,6
A3CGQOJC28OVGN,24,1,1,3
A3CGQOJC28OVGN,24,2,3,2
A3CGQOJC28OVGN,24,3,4,5
A3CGQOJC28OVGN,24,4,6,4
A3CGQOJC28OVGN,12,1,5,1
A3CGQOJC28OVGN,12,2,4,2
A3CGQOJC28OVGN,12,3,3,5
A3CGQOJC28OVGN,12,4,6,5
A3CGQOJC28OVGN,1,1,1,3
A3CGQOJC28OVGN,1,2,6,4
A3CGQOJC28OVGN,1,3,4,1
A3CGQOJC28OVGN,1,4,3,6
A3CGQOJC28OVGN,8,1,3,1
A3CGQOJC28OVGN,8,2,6,4
A3CGQOJC28OVGN,8,3,2,3
A3CGQOJC28OVGN,37,1,1,1
A3CGQOJC28OVGN,37,2,1,6
A3CGQOJC28OVGN,37,3,6,1
A3CGQOJC28OVGN,37,4,6,6
A3CGQOJC28OVGN,4,1,2,1
A3CGQOJC28OVGN,4,2,4,3
A3CGQOJC28OVGN,4,3,2,6
A3CGQOJC28OVGN,4,4,6,5
A3CGQOJC28OVGN,17,1,4,1
A3CGQOJC28OVGN,17,2,6,3
A3CGQOJC28OVGN,17,3,1,4
A3CGQOJC28OVGN,36,1,1,1
A3CGQOJC28OVGN,36,2,3,6
A3CGQOJC28OVGN,35,1,1,1
A3CGQOJC28OVGN,35,2,2,5
A3CGQOJC28OVGN,35,3,6,6
A3CGQOJC28OVGN,35,4,6,1
A3CGQOJC28OVGN,21,1,4,2
A3CGQOJC28OVGN,21,2,2,4
A3CGQOJC28OVGN,21,3,4,4
A3CGQOJC28OVGN,11,1,2,3
A3CGQOJC28OVGN,11,2,6,1
A3CGQOJC28OVGN,11,3,6,6
A3CGQOJC28OVGN,11,4,2,4
A3CGQOJC28OVGN,16,1,1,3
A3CGQOJC28OVGN,16,2,3,5
A3CGQOJC28OVGN,16,3,4,2
A3CGQOJC28OVGN,16,4,6,4
A3CGQOJC28OVGN,22,1,5,3
A3CGQOJC28OVGN,22,2,2,4
A3CGQOJC28OVGN,25,1,4,1
A3CGQOJC28OVGN,25,2,3,6
A3CGQOJC28OVGN,25,3,2,3
A3CGQOJC28OVGN,25,4,5,4
A38OPVI04AH4JG,28,1,5,2
A38OPVI04AH4JG,28,2,5,5
A38OPVI04AH4JG,28,3,3,2
A38OPVI04AH4JG,28,4,3,5
A38OPVI04AH4JG,35,1,6,1
A38OPVI04AH4JG,35,2,6,6
A38OPVI04AH4JG,35,3,1,1
A38OPVI04AH4JG,35,4,1,6
A38OPVI04AH4JG,12,1,5,1
A38OPVI04AH4JG,12,2,4,2
A38OPVI04AH4JG,12,3,3,3
A38OPVI04AH4JG,5,1,5,1
A38OPVI04AH4JG,5,2,5,6
A38OPVI04AH4JG,34,1,2,6
A38OPVI04AH4JG,34,2,2,5
A38OPVI04AH4JG,26,1,2,3
A38OPVI04AH4JG,26,2,2,4
A38OPVI04AH4JG,26,3,5,3
A38OPVI04AH4JG,26,4,5,4
A38OPVI04AH4JG,27,1,6,6
A38OPVI04AH4JG,27,2,6,1
A38OPVI04AH4JG,27,3,3,4
A38OPVI04AH4JG,27,4,3,2
A38OPVI04AH4JG,33,1,2,3
A38OPVI04AH4JG,33,2,5,3
A38OPVI04AH4JG,33,3,2,4
A38OPVI04AH4JG,33,4,5,4
A38OPVI04AH4JG,11,1,2,3
A38OPVI04AH4JG,11,2,6,1
A38OPVI04AH4JG,4,1,2,6
A38OPVI04AH4JG,4,2,2,1
A38OPVI04AH4JG,29,1,4,2
A38OPVI04AH4JG,29,2,5,2
A38OPVI04AH4JG,29,3,2,5
A38OPVI04AH4JG,32,1,2,3
A38OPVI04AH4JG,32,2,6,5
A38OPVI04AH4JG,32,3,5,3
A38OPVI04AH4JG,7,1,2,5
A38OPVI04AH4JG,7,2,2,3
A38OPVI04AH4JG,7,3,5,3
A38OPVI04AH4JG,7,4,5,5
A38OPVI04AH4JG,18,1,4,1
A38OPVI04AH4JG,18,2,1,4
A38OPVI04AH4JG,18,3,6,3
A38OPVI04AH4JG,18,4,3,6
A38OPVI04AH4JG,23,1,6,2
A38OPVI04AH4JG,23,2,1,5
A38OPVI04AH4JG,23,3,1,2
A38OPVI04AH4JG,23,4,6,5
A38OPVI04AH4JG,30,1,4,2
A38OPVI04AH4JG,30,2,5,2
A38OPVI04AH4JG,6,1,1,3
A38OPVI04AH4JG,6,2,3,5
A38OPVI04AH4JG,6,3,6,3
A38OPVI04AH4JG,6,4,4,1
A38OPVI04AH4JG,2,1,1,2
A38OPVI04AH4JG,2,2,1,5
A38OPVI04AH4JG,2,3,6,2
A38OPVI04AH4JG,2,4,6,5
A38OPVI04AH4JG,37,1,1,1
A38OPVI04AH4JG,37,2,1,6
A38OPVI04AH4JG,37,3,6,1
A38OPVI04AH4JG,37,4,6,6
A38OPVI04AH4JG,25,1,2,3
A38OPVI04AH4JG,25,2,3,1
A8C3WNWRBWUXO,32,1,1,2
A8C3WNWRBWUXO,32,2,2,3
A8C3WNWRBWUXO,32,3,6,5
A8C3WNWRBWUXO,32,4,5,4
A8C3WNWRBWUXO,17,1,4,1
A8C3WNWRBWUXO,17,2,6,3
A8C3WNWRBWUXO,17,3,5,4
A8C3WNWRBWUXO,17,4,3,6
A8C3WNWRBWUXO,9,1,6,1
A8C3WNWRBWUXO,9,2,2,1
A8C3WNWRBWUXO,9,3,2,2
A8C3WNWRBWUXO,9,4,5,3
A8C3WNWRBWUXO,33,1,2,3
A8C3WNWRBWUXO,33,2,5,4
A8C3WNWRBWUXO,36,1,1,1
A8C3WNWRBWUXO,36,2,3,1
A8C3WNWRBWUXO,36,3,1,6
A8C3WNWRBWUXO,36,4,3,6
A8C3WNWRBWUXO,35,1,1,1
A8C3WNWRBWUXO,35,2,2,2
A8C3WNWRBWUXO,35,3,1,2
A8C3WNWRBWUXO,35,4,2,1
A8C3WNWRBWUXO,27,1,6,1
A8C3WNWRBWUXO,27,2,5,1
A8C3WNWRBWUXO,27,3,3,2
A8C3WNWRBWUXO,27,4,6,6
A8C3WNWRBWUXO,3,1,3,3
A8C3WNWRBWUXO,8,1,2,4
A8C3WNWRBWUXO,8,2,3,4
A8C3WNWRBWUXO,19,1,1,4
A8C3WNWRBWUXO,19,2,1,1
A8C3WNWRBWUXO,19,3,2,2
A8C3WNWRBWUXO,25,1,3,1
A8C3WNWRBWUXO,25,2,2,3
A8C3WNWRBWUXO,25,3,5,3
A8C3WNWRBWUXO,1,1,1,3
A8C3WNWRBWUXO,1,2,6,4
A8C3WNWRBWUXO,5,1,5,1
A8C3WNWRBWUXO,5,2,6,1
A8C3WNWRBWUXO,5,3,5,6
A8C3WNWRBWUXO,5,4,6,6
A8C3WNWRBWUXO,14,1,3,3
A8C3WNWRBWUXO,14,2,4,4
A8C3WNWRBWUXO,10,1,4,6
A8C3WNWRBWUXO,10,2,4,4
A8C3WNWRBWUXO,37,1,1,1
A8C3WNWRBWUXO,37,2,2,1
A8C3WNWRBWUXO,37,3,1,2
A8C3WNWRBWUXO,37,4,2,2
A8C3WNWRBWUXO,18,1,2,5
A8C3WNWRBWUXO,18,2,1,4
A8C3WNWRBWUXO,18,3,3,6
A8C3WNWRBWUXO,11,1,2,3
A8C3WNWRBWUXO,11,2,6,1
A8C3WNWRBWUXO,38,1,2,3
A8C3WNWRBWUXO,38,2,3,6
A8C3WNWRBWUXO,30,1,5,4
A8C3WNWRBWUXO,30,2,2,4
A8C3WNWRBWUXO,30,3,5,2
A8C3WNWRBWUXO,30,4,4,2
AJXIC6Q5EM76P,22,1,2,3
AJXIC6Q5EM76P,22,2,5,4
AJXIC6Q5EM76P,39,1,1,2
AJXIC6Q5EM76P,39,2,6,5
AJXIC6Q5EM76P,6,1,1,4
AJXIC6Q5EM76P,6,2,6,3
AJXIC6Q5EM76P,10,1,6,4
AJXIC6Q5EM76P,10,2,3,3
AJXIC6Q5EM76P,32,1,1,5
AJXIC6Q5EM76P,32,2,6,5
AJXIC6Q5EM76P,32,3,5,4
AJXIC6Q5EM76P,32,4,2,4
AJXIC6Q5EM76P,4,1,2,1
AJXIC6Q5EM76P,4,2,3,2
AJXIC6Q5EM76P,40,1,6,6
AJXIC6Q5EM76P,40,2,1,1
AJXIC6Q5EM76P,16,1,1,4
AJXIC6Q5EM76P,16,2,3,5
AJXIC6Q5EM76P,29,1,2,4
AJXIC6Q5EM76P,29,2,4,2
AJXIC6Q5EM76P,29,3,2,5
AJXIC6Q5EM76P,29,4,4,3
AJXIC6Q5EM76P,37,1,1,1
AJXIC6Q5EM76P,37,2,6,6
AJXIC6Q5EM76P,18,1,2,5
AJXIC6Q5EM76P,18,2,5,2
AJXIC6Q5EM76P,26,1,3,2
AJXIC6Q5EM76P,26,2,3,5
AJXIC6Q5EM76P,26,3,2,3
AJXIC6Q5EM76P,26,4,5,3
AJXIC6Q5EM76P,25,1,2,4
AJXIC6Q5EM76P,25,2,3,6
AJXIC6Q5EM76P,36,1,1,1
AJXIC6Q5EM76P,36,2,3,1
AJXIC6Q5EM76P,36,3,3,6
AJXIC6Q5EM76P,36,4,1,6
AJXIC6Q5EM76P,19,1,1,4
AJXIC6Q5EM76P,19,2,1,1
AJXIC6Q5EM76P,1,1,1,3
AJXIC6Q5EM76P,1,2,1,4
AJXIC6Q5EM76P,33,1,2,3
AJXIC6Q5EM76P,33,2,2,4
AJXIC6Q5EM76P,33,3,5,3
AJXIC6Q5EM76P,33,4,5,4
AJXIC6Q5EM76P,35,1,1,1
AJXIC6Q5EM76P,35,2,1,6
AJXIC6Q5EM76P,35,3,6,6
AJXIC6Q5EM76P,35,4,6,1
AJXIC6Q5EM76P,21,1,2,4
AJXIC6Q5EM76P,21,2,4,2
AJXIC6Q5EM76P,17,1,2,3
AJXIC6Q5EM76P,17,2,2,5
AJXIC6Q5EM76P,17,3,5,2
AJXIC6Q5EM76P,17,4,5,4
A1EN3FW93BSXQQ,39,1,1,2
A1EN3FW93BSXQQ,39,2,6,5
A1EN3FW93BSXQQ,39,3,1,5
A1EN3FW93BSXQQ,12,1,5,1
A1EN3FW93BSXQQ,12,2,3,3
A1EN3FW93BSXQQ,12,3,6,5
A1EN3FW93BSXQQ,11,1,2,3
A1EN3FW93BSXQQ,11,2,6,1
A1EN3FW93BSXQQ,11,3,6,6
A1EN3FW93BSXQQ,16,1,3,2
A1EN3FW93BSXQQ,16,2,1,4
A1EN3FW93BSXQQ,16,3,6,3
A1EN3FW93BSXQQ,37,1,1,1
A1EN3FW93BSXQQ,37,2,6,6
A1EN3FW93BSXQQ,37,3,1,6
A1EN3FW93BSXQQ,23,1,2,3
A1EN3FW93BSXQQ,23,2,5,4
A1EN3FW93BSXQQ,23,3,1,5
A1EN3FW93BSXQQ,28,1,3,2
A1EN3FW93BSXQQ,28,2,5,5
A1EN3FW93BSXQQ,28,3,5,2
A1EN3FW93BSXQQ,19,1,1,1
A1EN3FW93BSXQQ,19,2,1,4
A1EN3FW93BSXQQ,19,3,6,6
A1EN3FW93BSXQQ,32,1,5,3
A1EN3FW93BSXQQ,32,2,2,3
A1EN3FW93BSXQQ,32,3,6,2
A1EN3FW93BSXQQ,15,1,3,2
A1EN3FW93BSXQQ,15,2,5,4
A1EN3FW93BSXQQ,9,1,5,3
A1EN3FW93BSXQQ,9,2,2,1
A1EN3FW93BSXQQ,9,3,6,3
A1EN3FW93BSXQQ,6,1,1,3
A1EN3FW93BSXQQ,6,2,5,4
A1EN3FW93BSXQQ,6,3,3,6
A1EN3FW93BSXQQ,6,4,4,1
A1EN3FW93BSXQQ,31,1,5,1
A1EN3FW93BSXQQ,31,2,5,3
A1EN3FW93BSXQQ,31,3,2,1
A1EN3FW93BSXQQ,38,1,6,1
A1EN3FW93BSXQQ,38,2,1,4
A1EN3FW93BSXQQ,17,1,2,5
A1EN3FW93BSXQQ,17,2,5,2
A1EN3FW93BSXQQ,17,3,5,4
A1EN3FW93BSXQQ,8,1,4,1
A1EN3FW93BSXQQ,8,2,2,4
A1EN3FW93BSXQQ,8,3,6,4
A1EN3FW93BSXQQ,2,1,1,2
A1EN3FW93BSXQQ,2,2,6,5
A1EN3FW93BSXQQ,7,1,2,3
A1EN3FW93BSXQQ,7,2,5,5
A1EN3FW93BSXQQ,1,1,2,3
A1EN3FW93BSXQQ,1,2,4,1
A1EN3FW93BSXQQ,1,3,5,5
A1EN3FW93BSXQQ,30,1,5,2
A1EN3FW93BSXQQ,30,2,2,5
A1EN3FW93BSXQQ,30,3,5,4
A1B5SSGMTAQ9B5,15,1,3,2
A1B5SSGMTAQ9B5,35,1,2,5
A1B5SSGMTAQ9B5,35,2,5,2
A1B5SSGMTAQ9B5,5,1,5,1
A1B5SSGMTAQ9B5,17,1,2,5
A1B5SSGMTAQ9B5,17,2,2,3
A1B5SSGMTAQ9B5,2,1,6,3
A1B5SSGMTAQ9B5,2,2,1,3
A1B5SSGMTAQ9B5,12,1,6,1
A1B5SSGMTAQ9B5,12,2,6,5
A1B5SSGMTAQ9B5,4,1,2,1
A1B5SSGMTAQ9B5,4,2,2,6
A1B5SSGMTAQ9B5,23,1,1,2
A1B5SSGMTAQ9B5,23,2,5,3
A1B5SSGMTAQ9B5,1,1,6,4
A1B5SSGMTAQ9B5,1,2,1,4
A1B5SSGMTAQ9B5,9,1,6,1
A1B5SSGMTAQ9B5,26,1,4,5
A1B5SSGMTAQ9B5,13,1,6,2
A1B5SSGMTAQ9B5,13,2,4,3
A1B5SSGMTAQ9B5,11,1,6,1
A1B5SSGMTAQ9B5,11,2,2,3
A1B5SSGMTAQ9B5,24,1,1,3
A1B5SSGMTAQ9B5,24,2,5,3
A1B5SSGMTAQ9B5,30,1,5,2
A1B5SSGMTAQ9B5,30,2,5,4
A1B5SSGMTAQ9B5,32,1,1,2
A1B5SSGMTAQ9B5,32,2,1,5
A1B5SSGMTAQ9B5,37,1,1,1
A1B5SSGMTAQ9B5,37,2,6,6
A1B5SSGMTAQ9B5,40,1,6,6
A1B5SSGMTAQ9B5,40,2,4,4
A1B5SSGMTAQ9B5,40,3,2,2
A1B5SSGMTAQ9B5,36,1,3,1
A1B5SSGMTAQ9B5,36,2,2,5
A1B5SSGMTAQ9B5,38,1,3,5
A1B5SSGMTAQ9B5,38,2,5,2
A98E8M4QLI9RS,31,1,2,1
A98E8M4QLI9RS,31,2,3,6
A98E8M4QLI9RS,31,3,5,1
A98E8M4QLI9RS,31,4,5,6
A98E8M4QLI9RS,13,1,4,3
A98E8M4QLI9RS,13,2,4,4
A98E8M4QLI9RS,13,3,6,2
A98E8M4QLI9RS,13,4,6,5
A98E8M4QLI9RS,25,1,2,3
A98E8M4QLI9RS,25,2,5,4
A98E8M4QLI9RS,25,3,3,1
A98E8M4QLI9RS,25,4,4,6
A98E8M4QLI9RS,21,1,2,4
A98E8M4QLI9RS,21,2,4,2
A98E8M4QLI9RS,21,3,4,4
A98E8M4QLI9RS,29,1,2,4
A98E8M4QLI9RS,29,2,5,2
A98E8M4QLI9RS,29,3,5,5
A98E8M4QLI9RS,30,1,4,2
A98E8M4QLI9RS,30,2,4,4
A98E8M4QLI9RS,30,3,5,4
A98E8M4QLI9RS,37,1,1,1
A98E8M4QLI9RS,37,2,1,6
A98E8M4QLI9RS,37,3,6,1
A98E8M4QLI9RS,37,4,6,6
A98E8M4QLI9RS,28,1,5,2
A98E8M4QLI9RS,28,2,3,2
A98E8M4QLI9RS,28,3,3,5
A98E8M4QLI9RS,28,4,5,5
A98E8M4QLI9RS,38,1,1,4
A98E8M4QLI9RS,38,2,5,4
A98E8M4QLI9RS,35,1,1,1
A98E8M4QLI9RS,35,2,2,2
A98E8M4QLI9RS,19,1,1,1
A98E8M4QLI9RS,19,2,4,1
A98E8M4QLI9RS,19,3,1,4
A98E8M4QLI9RS,19,4,4,4
A98E8M4QLI9RS,1,1,1,3
A98E8M4QLI9RS,1,2,1,4
A98E8M4QLI9RS,23,1,1,2
A98E8M4QLI9RS,23,2,1,5
A98E8M4QLI9RS,23,3,5,3
A98E8M4QLI9RS,23,4,5,4
A98E8M4QLI9RS,6,1,1,3
A98E8M4QLI9RS,6,2,1,4
A98E8M4QLI9RS,6,3,6,3
A98E8M4QLI9RS,6,4,6,4
A98E8M4QLI9RS,20,1,4,1
A98E8M4QLI9RS,20,2,5,2
A98E8M4QLI9RS,20,3,1,1
A98E8M4QLI9RS,20,4,6,6
A98E8M4QLI9RS,7,1,2,3
A98E8M4QLI9RS,7,2,5,3
A98E8M4QLI9RS,7,3,5,5
A98E8M4QLI9RS,7,4,2,5
A98E8M4QLI9RS,17,1,1,4
A98E8M4QLI9RS,17,2,2,3
A98E8M4QLI9RS,17,3,2,5
A98E8M4QLI9RS,17,4,3,6
A98E8M4QLI9RS,39,1,1,2
A98E8M4QLI9RS,39,2,1,5
A98E8M4QLI9RS,39,3,5,2
A98E8M4QLI9RS,39,4,6,5
A98E8M4QLI9RS,3,1,3,3
A98E8M4QLI9RS,3,2,3,4
A98E8M4QLI9RS,3,3,4,3
A98E8M4QLI9RS,3,4,4,4
A98E8M4QLI9RS,5,1,5,1
A98E8M4QLI9RS,5,2,6,6
A11CY37O9P73HW,11,1,5,1
A11CY37O9P73HW,11,2,2,3
A11CY37O9P73HW,18,1,5,2
A11CY37O9P73HW,36,1,1,1
A11CY37O9P73HW,36,2,2,4
A11CY37O9P73HW,4,1,2,6
A11CY37O9P73HW,4,2,4,4
A11CY37O9P73HW,4,3,4,3
A11CY37O9P73HW,15,1,3,2
A11CY37O9P73HW,15,2,3,3
A11CY37O9P73HW,16,1,3,2
A11CY37O9P73HW,16,2,1,3
A11CY37O9P73HW,8,1,2,3
A11CY37O9P73HW,8,2,3,4
A11CY37O9P73HW,38,1,3,2
A11CY37O9P73HW,38,2,1,4
A11CY37O9P73HW,3,1,3,4
A11CY37O9P73HW,3,2,4,4
A11CY37O9P73HW,3,3,4,3
A11CY37O9P73HW,3,4,3,3
A11CY37O9P73HW,19,1,1,4
A11CY37O9P73HW,19,2,2,2
A11CY37O9P73HW,13,1,4,3
A11CY37O9P73HW,13,2,4,4
A11CY37O9P73HW,30,1,4,2
A11CY37O9P73HW,6,1,2,3
A11CY37O9P73HW,6,2,6,4
A11CY37O9P73HW,6,3,4,1
A11CY37O9P73HW,23,1,5,4
A11CY37O9P73HW,23,2,2,2
A11CY37O9P73HW,23,3,2,3
A11CY37O9P73HW,40,1,4,4
A11CY37O9P73HW,40,2,6,6
A11CY37O9P73HW,40,3,1,1
A11CY37O9P73HW,5,1,5,1
A11CY37O9P73HW,5,2,5,6
A11CY37O9P73HW,5,3,6,1
A11CY37O9P73HW,5,4,6,6
A11CY37O9P73HW,10,1,6,4
A11CY37O9P73HW,10,2,3,6
A11CY37O9P73HW,10,3,3,3
A11CY37O9P73HW,25,1,3,6
A11CY37O9P73HW,25,2,2,3
A11CY37O9P73HW,25,3,2,4
A11CY37O9P73HW,20,1,4,3
A11CY37O9P73HW,20,2,1,1
A11CY37O9P73HW,20,3,2,5
A11CY37O9P73HW,20,4,3,6
A11CY37O9P73HW,21,1,4,2
A11CY37O9P73HW,21,2,3,3
A11CY37O9P73HW,21,3,2,4
A1OZPLHNIU1519,38,1,1,4
A1OZPLHNIU1519,38,2,1,6
A1OZPLHNIU1519,38,3,6,3
A1OZPLHNIU1519,38,4,4,1
A1OZPLHNIU1519,21,1,2,4
A1OZPLHNIU1519,21,2,4,4
A1OZPLHNIU1519,21,3,4,2
A1OZPLHNIU1519,5,1,5,1
A1OZPLHNIU1519,5,2,6,6
A1OZPLHNIU1519,22,1,2,3
A1OZPLHNIU1519,22,2,5,4
A1OZPLHNIU1519,25,1,2,3
A1OZPLHNIU1519,25,2,5,4
A1OZPLHNIU1519,25,3,3,1
A1OZPLHNIU1519,25,4,4,6
A1OZPLHNIU1519,13,1,4,3
A1OZPLHNIU1519,13,2,5,2
A1OZPLHNIU1519,13,3,6,5
A1OZPLHNIU1519,13,4,4,4
A1OZPLHNIU1519,8,1,3,1
A1OZPLHNIU1519,8,2,4,4
A1OZPLHNIU1519,8,3,2,3
A1OZPLHNIU1519,8,4,6,4
A1OZPLHNIU1519,15,1,3,2
A1OZPLHNIU1519,15,2,5,4
A1OZPLHNIU1519,1,1,1,3
A1OZPLHNIU1519,1,2,6,4
A1OZPLHNIU1519,36,1,3,3
A1OZPLHNIU1519,36,2,3,4
A1OZPLHNIU1519,3,1,3,3
A1OZPLHNIU1519,3,2,4,4
A1OZPLHNIU1519,27,1,6,6
A1OZPLHNIU1519,27,2,6,1
A1OZPLHNIU1519,27,3,5,2
A1OZPLHNIU1519,27,4,5,5
A1OZPLHNIU1519,14,1,3,3
A1OZPLHNIU1519,14,2,4,4
A1OZPLHNIU1519,28,1,5,2
A1OZPLHNIU1519,28,2,5,5
A1OZPLHNIU1519,12,1,6,1
A1OZPLHNIU1519,12,2,3,5
A1OZPLHNIU1519,7,1,2,3
A1OZPLHNIU1519,7,2,5,5
A1OZPLHNIU1519,23,1,1,2
A1OZPLHNIU1519,23,2,6,5
A1OZPLHNIU1519,23,3,2,3
A1OZPLHNIU1519,23,4,5,4
A1OZPLHNIU1519,35,1,2,2
A1OZPLHNIU1519,35,2,2,5
A1OZPLHNIU1519,35,3,5,2
A1OZPLHNIU1519,35,4,5,5
A1OZPLHNIU1519,39,1,2,5
A1OZPLHNIU1519,39,2,6,5
A1OZPLHNIU1519,9,1,2,1
A1OZPLHNIU1519,9,2,6,3
ACKG8OU1KHKO2,33,1,2,3
ACKG8OU1KHKO2,33,2,5,4
ACKG8OU1KHKO2,1,1,1,3
ACKG8OU1KHKO2,1,2,6,4
ACKG8OU1KHKO2,35,1,2,2
ACKG8OU1KHKO2,35,2,5,2
ACKG8OU1KHKO2,5,1,5,2
ACKG8OU1KHKO2,5,2,6,6
ACKG8OU1KHKO2,29,1,2,5
ACKG8OU1KHKO2,29,2,5,2
ACKG8OU1KHKO2,38,1,1,6
ACKG8OU1KHKO2,38,2,6,1
ACKG8OU1KHKO2,27,1,5,5
ACKG8OU1KHKO2,27,2,5,2
ACKG8OU1KHKO2,19,1,1,1
ACKG8OU1KHKO2,19,2,6,6
ACKG8OU1KHKO2,13,1,4,3
ACKG8OU1KHKO2,13,2,4,4
ACKG8OU1KHKO2,25,1,2,3
ACKG8OU1KHKO2,25,2,5,4
ACKG8OU1KHKO2,4,1,2,1
ACKG8OU1KHKO2,4,2,6,6
ACKG8OU1KHKO2,28,1,5,2
ACKG8OU1KHKO2,28,2,5,5
ACKG8OU1KHKO2,18,1,4,1
ACKG8OU1KHKO2,18,2,3,6
ACKG8OU1KHKO2,12,1,6,1
ACKG8OU1KHKO2,12,2,3,5
ACKG8OU1KHKO2,39,1,1,2
ACKG8OU1KHKO2,39,2,6,5
ACKG8OU1KHKO2,22,1,2,3
ACKG8OU1KHKO2,22,2,5,4
ACKG8OU1KHKO2,21,1,4,2
ACKG8OU1KHKO2,21,2,2,4
ACKG8OU1KHKO2,31,1,2,1
ACKG8OU1KHKO2,31,2,5,5
ACKG8OU1KHKO2,20,1,1,1
ACKG8OU1KHKO2,20,2,6,6
ACKG8OU1KHKO2,9,1,2,1
ACKG8OU1KHKO2,9,2,5,3
A2STMS163OI8TB,32,1,1,2
A2STMS163OI8TB,32,2,2,3
A2STMS163OI8TB,32,3,2,4
A2STMS163OI8TB,32,4,1,5
A2STMS163OI8TB,10,1,2,2
A2STMS163OI8TB,10,2,1,5
A2STMS163OI8TB,10,3,2,5
A2STMS163OI8TB,10,4,4,6
A2STMS163OI8TB,23,1,1,2
A2STMS163OI8TB,23,2,2,3
A2STMS163OI8TB,23,3,6,5
A2STMS163OI8TB,23,4,1,5
A2STMS163OI8TB,31,1,2,1
A2STMS163OI8TB,31,2,5,6
A2STMS163OI8TB,31,3,2,6
A2STMS163OI8TB,31,4,3,6
A2STMS163OI8TB,7,1,2,3
A2STMS163OI8TB,7,2,5,5
A2STMS163OI8TB,7,3,2,5
A2STMS163OI8TB,7,4,5,3
A2STMS163OI8TB,6,1,1,3
A2STMS163OI8TB,6,2,1,4
A2STMS163OI8TB,6,3,6,3
A2STMS163OI8TB,6,4,3,1
A2STMS163OI8TB,16,1,1,3
A2STMS163OI8TB,16,2,6,4
A2STMS163OI8TB,16,3,4,2
A2STMS163OI8TB,16,4,4,5
A2STMS163OI8TB,39,1,1,5
A2STMS163OI8TB,39,2,1,2
A2STMS163OI8TB,39,3,6,5
A2STMS163OI8TB,39,4,6,2
A2STMS163OI8TB,18,1,1,4
A2STMS163OI8TB,18,2,6,3
A2STMS163OI8TB,18,3,4,1
A2STMS163OI8TB,18,4,3,6
A2STMS163OI8TB,14,1,3,3
A2STMS163OI8TB,14,2,4,4
A2STMS163OI8TB,14,3,3,4
A2STMS163OI8TB,14,4,4,3
A2STMS163OI8TB,11,1,2,3
A2STMS163OI8TB,11,2,6,1
A2STMS163OI8TB,11,3,6,6
A2STMS163OI8TB,11,4,2,4
A2STMS163OI8TB,38,1,1,6
A2STMS163OI8TB,38,2,3,2
A2STMS163OI8TB,38,3,6,1
A2STMS163OI8TB,38,4,3,6
A2STMS163OI8TB,35,1,1,6
A2STMS163OI8TB,35,2,6,6
A2STMS163OI8TB,35,3,1,1
A2STMS163OI8TB,35,4,6,1
A2STMS163OI8TB,29,1,2,5
A2STMS163OI8TB,29,2,5,5
A2STMS163OI8TB,29,3,5,2
A2STMS163OI8TB,29,4,2,4
A2STMS163OI8TB,9,1,2,1
A2STMS163OI8TB,9,2,6,3
A2STMS163OI8TB,9,3,5,3
A2STMS163OI8TB,9,4,6,1
A2STMS163OI8TB,26,1,2,4
A2STMS163OI8TB,26,2,5,4
A2STMS163OI8TB,26,3,4,2
A2STMS163OI8TB,26,4,3,5
A2STMS163OI8TB,13,1,4,3
A2STMS163OI8TB,13,2,6,5
A2STMS163OI8TB,13,3,6,2
A2STMS163OI8TB,13,4,4,4
A2STMS163OI8TB,25,1,3,6
A2STMS163OI8TB,25,2,5,4
A2STMS163OI8TB,25,3,2,4
A2STMS163OI8TB,25,4,4,1
A2STMS163OI8TB,5,1,5,6
A2STMS163OI8TB,5,2,5,1
A2STMS163OI8TB,5,3,6,6
A2STMS163OI8TB,5,4,6,1
A2STMS163OI8TB,28,1,5,5
A2STMS163OI8TB,28,2,5,2
A2STMS163OI8TB,28,3,3,2
A2STMS163OI8TB,28,4,3,5
A3RLCGRXA34GC0,8,1,2,3
A3RLCGRXA34GC0,19,1,1,1
A3RLCGRXA34GC0,19,2,6,6
A3RLCGRXA34GC0,19,3,4,1
A3RLCGRXA34GC0,19,4,3,6
A3RLCGRXA34GC0,31,1,2,1
A3RLCGRXA34GC0,31,2,5,6
A3RLCGRXA34GC0,22,1,2,4
A3RLCGRXA34GC0,22,2,5,3
A3RLCGRXA34GC0,22,3,3,4
A3RLCGRXA34GC0,20,1,1,1
A3RLCGRXA34GC0,20,2,4,1
A3RLCGRXA34GC0,13,1,4,4
A3RLCGRXA34GC0,13,2,6,5
A3RLCGRXA34GC0,32,1,2,3
A3RLCGRXA34GC0,32,2,1,5
A3RLCGRXA34GC0,39,1,1,3
A3RLCGRXA34GC0,39,2,1,5
A3RLCGRXA34GC0,39,3,6,5
A3RLCGRXA34GC0,1,1,1,4
A3RLCGRXA34GC0,1,2,2,5
A3RLCGRXA34GC0,1,3,6,3
A3RLCGRXA34GC0,16,1,3,5
A3RLCGRXA34GC0,16,2,1,3
A3RLCGRXA34GC0,23,1,5,4
A3RLCGRXA34GC0,23,2,2,5
A3RLCGRXA34GC0,23,3,2,4
A3RLCGRXA34GC0,30,1,4,2
A3RLCGRXA34GC0,30,2,2,5
A3RLCGRXA34GC0,2,1,1,5
A3RLCGRXA34GC0,2,2,6,2
A3RLCGRXA34GC0,18,1,2,5
A3RLCGRXA34GC0,18,2,5,2
A3RLCGRXA34GC0,29,1,4,2
A3RLCGRXA34GC0,29,2,4,3
A3RLCGRXA34GC0,29,3,2,5
A3RLCGRXA34GC0,36,1,1,6
A3RLCGRXA34GC0,36,2,1,3
A3RLCGRXA34GC0,14,1,4,4
A3RLCGRXA34GC0,5,1,5,6
A3RLCGRXA34GC0,15,1,5,2
A3RLCGRXA34GC0,7,1,5,5
A1HKYY6XI2OHO1,30,1,2,5
A1HKYY6XI2OHO1,30,2,4,2
A1HKYY6XI2OHO1,30,3,5,2
A1HKYY6XI2OHO1,30,4,5,4
A1HKYY6XI2OHO1,28,1,5,2
A1HKYY6XI2OHO1,28,2,5,5
A1HKYY6XI2OHO1,28,3,3,3
A1HKYY6XI2OHO1,28,4,3,4
A1HKYY6XI2OHO1,7,1,5,5
A1HKYY6XI2OHO1,7,2,2,3
A1HKYY6XI2OHO1,40,1,1,1
A1HKYY6XI2OHO1,40,2,6,6
A1HKYY6XI2OHO1,34,1,5,2
A1HKYY6XI2OHO1,34,2,2,2
A1HKYY6XI2OHO1,34,3,2,5
A1HKYY6XI2OHO1,34,4,5,5
A1HKYY6XI2OHO1,33,1,2,3
A1HKYY6XI2OHO1,33,2,5,4
A1HKYY6XI2OHO1,39,1,1,5
A1HKYY6XI2OHO1,39,2,2,5
A1HKYY6XI2OHO1,39,3,1,2
A1HKYY6XI2OHO1,37,1,1,1
A1HKYY6XI2OHO1,37,2,6,1
A1HKYY6XI2OHO1,37,3,1,6
A1HKYY6XI2OHO1,37,4,6,6
A1HKYY6XI2OHO1,21,1,4,4
A1HKYY6XI2OHO1,21,2,2,4
A1HKYY6XI2OHO1,21,3,4,2
A1HKYY6XI2OHO1,14,1,3,3
A1HKYY6XI2OHO1,14,2,4,4
A1HKYY6XI2OHO1,32,1,5,3
A1HKYY6XI2OHO1,32,2,6,5
A1HKYY6XI2OHO1,32,3,2,4
A1HKYY6XI2OHO1,32,4,1,5
A1HKYY6XI2OHO1,22,1,2,3
A1HKYY6XI2OHO1,22,2,5,4
A1HKYY6XI2OHO1,10,1,6,4
A1HKYY6XI2OHO1,10,2,5,5
A1HKYY6XI2OHO1,10,3,4,6
A1HKYY6XI2OHO1,10,4,4,4
A1HKYY6XI2OHO1,3,1,3,3
A1HKYY6XI2OHO1,3,2,4,4
A1HKYY6XI2OHO1,16,1,1,3
A1HKYY6XI2OHO1,16,2,3,2
A1HKYY6XI2OHO1,15,1,3,2
A1HKYY6XI2OHO1,15,2,5,4
A1HKYY6XI2OHO1,27,1,6,1
A1HKYY6XI2OHO1,27,2,3,2
A1HKYY6XI2OHO1,27,3,3,4
A1HKYY6XI2OHO1,27,4,5,5
A1HKYY6XI2OHO1,35,1,2,2
A1HKYY6XI2OHO1,35,2,5,5
A1HKYY6XI2OHO1,35,3,5,2
A1HKYY6XI2OHO1,6,1,2,4
A1HKYY6XI2OHO1,6,2,1,4
A1HKYY6XI2OHO1,6,3,5,3
A1HKYY6XI2OHO1,6,4,4,2
A1HKYY6XI2OHO1,24,1,1,3
A1HKYY6XI2OHO1,24,2,2,4
A171S8E9IFSHH2,39,1,1,5
A171S8E9IFSHH2,39,2,2,2
A171S8E9IFSHH2,39,3,2,3
A171S8E9IFSHH2,39,4,1,3
A171S8E9IFSHH2,36,1,3,1
A171S8E9IFSHH2,36,2,3,6
A171S8E9IFSHH2,36,3,1,1
A171S8E9IFSHH2,32,1,2,3
A171S8E9IFSHH2,32,2,1,2
A171S8E9IFSHH2,32,3,6,2
A171S8E9IFSHH2,32,4,5,4
A171S8E9IFSHH2,24,1,6,3
A171S8E9IFSHH2,24,2,1,4
A171S8E9IFSHH2,24,3,3,2
A171S8E9IFSHH2,24,4,4,5
A171S8E9IFSHH2,6,1,4,1
A171S8E9IFSHH2,6,2,4,6
A171S8E9IFSHH2,6,3,1,3
A171S8E9IFSHH2,6,4,6,4
A171S8E9IFSHH2,9,1,2,1
A171S8E9IFSHH2,9,2,6,3
A171S8E9IFSHH2,9,3,6,1
A171S8E9IFSHH2,9,4,2,2
A171S8E9IFSHH2,10,1,2,2
A171S8E9IFSHH2,10,2,6,2
A171S8E9IFSHH2,10,3,4,6
A171S8E9IFSHH2,10,4,1,5
A171S8E9IFSHH2,27,1,6,1
A171S8E9IFSHH2,27,2,6,6
A171S8E9IFSHH2,27,3,3,2
A171S8E9IFSHH2,27,4,5,2
A171S8E9IFSHH2,15,1,3,2
A171S8E9IFSHH2,15,2,5,4
A171S8E9IFSHH2,3,1,3,3
A171S8E9IFSHH2,3,2,4,4
A171S8E9IFSHH2,8,1,2,4
A171S8E9IFSHH2,8,2,3,1
A171S8E9IFSHH2,8,3,6,2
A171S8E9IFSHH2,8,4,3,4
A171S8E9IFSHH2,12,1,6,1
A171S8E9IFSHH2,12,2,3,5
A171S8E9IFSHH2,1,1,1,3
A171S8E9IFSHH2,1,2,6,4
A171S8E9IFSHH2,2,1,1,2
A171S8E9IFSHH2,2,2,6,5
A171S8E9IFSHH2,26,1,2,4
A171S8E9IFSHH2,26,2,5,3
A171S8E9IFSHH2,26,3,5,4
A171S8E9IFSHH2,37,1,1,1
A171S8E9IFSHH2,37,2,6,6
A171S8E9IFSHH2,37,3,5,2
A171S8E9IFSHH2,19,1,1,4
A171S8E9IFSHH2,19,2,6,3
A171S8E9IFSHH2,19,3,3,6
A171S8E9IFSHH2,16,1,4,4
A171S8E9IFSHH2,16,2,4,2
A171S8E9IFSHH2,16,3,1,3
A171S8E9IFSHH2,40,1,1,1
A171S8E9IFSHH2,40,2,4,4
A171S8E9IFSHH2,13,1,4,3
A171S8E9IFSHH2,13,2,6,5
A1V2H0UF94ATWY,5,1,5,1
A1V2H0UF94ATWY,5,2,6,1
A1V2H0UF94ATWY,34,1,2,2
A1V2H0UF94ATWY,34,2,2,1
A1V2H0UF94ATWY,13,1,5,2
A1V2H0UF94ATWY,13,2,5,5
A1V2H0UF94ATWY,8,1,2,3
A1V2H0UF94ATWY,8,2,3,4
A1V2H0UF94ATWY,19,1,6,3
A1V2H0UF94ATWY,39,1,1,2
A1V2H0UF94ATWY,39,2,1,5
A1V2H0UF94ATWY,22,1,2,3
A1V2H0UF94ATWY,22,2,2,4
A1V2H0UF94ATWY,22,3,5,3
A1V2H0UF94ATWY,22,4,5,4
A1V2H0UF94ATWY,40,1,3,3
A1V2H0UF94ATWY,40,2,4,4
A1V2H0UF94ATWY,12,1,6,1
A1V2H0UF94ATWY,12,2,3,3
A1V2H0UF94ATWY,4,1,2,1
A1V2H0UF94ATWY,4,2,2,6
A1V2H0UF94ATWY,38,1,1,4
A1V2H0UF94ATWY,38,2,5,4
A1V2H0UF94ATWY,36,1,3,3
A1V2H0UF94ATWY,36,2,3,4
A1V2H0UF94ATWY,35,1,1,6
A1V2H0UF94ATWY,35,2,1,1
A1V2H0UF94ATWY,35,3,6,1
A1V2H0UF94ATWY,25,1,2,3
A1V2H0UF94ATWY,3,1,3,3
A1V2H0UF94ATWY,3,2,3,4
A1V2H0UF94ATWY,3,3,4,3
A1V2H0UF94ATWY,3,4,4,4
A1V2H0UF94ATWY,6,1,1,3
A1V2H0UF94ATWY,6,2,3,1
A1V2H0UF94ATWY,15,1,5,2
A1V2H0UF94ATWY,37,1,6,6
A1V2H0UF94ATWY,37,2,1,1
A1V2H0UF94ATWY,37,3,6,1
A1V2H0UF94ATWY,37,4,1,6
A1V2H0UF94ATWY,16,1,3,2
A1V2H0UF94ATWY,16,2,2,3
A1V2H0UF94ATWY,26,1,2,3
A1V2H0UF94ATWY,26,2,2,4
A1V2H0UF94ATWY,26,3,5,3
A1V2H0UF94ATWY,26,4,5,4
A3FOKP72T5I4FR,13,1,4,3
A3FOKP72T5I4FR,13,2,6,5
A3FOKP72T5I4FR,6,1,4,5
A3FOKP72T5I4FR,6,2,1,4
A3FOKP72T5I4FR,6,3,1,3
A3FOKP72T5I4FR,24,1,1,3
A3FOKP72T5I4FR,24,2,1,4
A3FOKP72T5I4FR,22,1,2,4
A3FOKP72T5I4FR,27,1,5,5
A3FOKP72T5I4FR,37,1,1,5
A3FOKP72T5I4FR,8,1,2,4
A3FOKP72T5I4FR,25,1,2,4
A3FOKP72T5I4FR,25,2,5,3
A3FOKP72T5I4FR,1,1,1,4
A3FOKP72T5I4FR,15,1,5,3
A3FOKP72T5I4FR,36,1,1,4
A3FOKP72T5I4FR,33,1,5,4
A3FOKP72T5I4FR,33,2,2,4
A3FOKP72T5I4FR,26,1,3,3
A3FOKP72T5I4FR,32,1,1,5
A3FOKP72T5I4FR,34,1,5,5
A3FOKP72T5I4FR,38,1,1,4
A3FOKP72T5I4FR,38,2,1,5
A3FOKP72T5I4FR,2,1,6,3
A3FOKP72T5I4FR,31,1,2,4
A3FOKP72T5I4FR,16,1,1,4
A3FOKP72T5I4FR,4,1,6,6
A3FOKP72T5I4FR,4,2,3,5
A1I72NHC21347A,15,1,3,2
A1I72NHC21347A,15,2,3,3
A1I72NHC21347A,15,3,5,2
A1I72NHC21347A,31,1,5,3
A1I72NHC21347A,31,2,2,6
A1I72NHC21347A,22,1,2,3
A1I72NHC21347A,22,2,5,4
A1I72NHC21347A,22,3,5,3
A1I72NHC21347A,22,4,2,4
A1I72NHC21347A,29,1,2,4
A1I72NHC21347A,34,1,2,6
A1I72NHC21347A,34,2,5,5
A1I72NHC21347A,34,3,5,2
A1I72NHC21347A,28,1,5,5
A1I72NHC21347A,28,2,5,2
A1I72NHC21347A,28,3,3,2
A1I72NHC21347A,26,1,2,4
A1I72NHC21347A,26,2,3,5
A1I72NHC21347A,26,3,3,2
A1I72NHC21347A,26,4,5,3
A1I72NHC21347A,20,1,1,1
A1I72NHC21347A,20,2,6,6
A1I72NHC21347A,20,3,5,2
A1I72NHC21347A,20,4,3,6
A1I72NHC21347A,38,1,4,4
A1I72NHC21347A,38,2,4,1
A1I72NHC21347A,10,1,5,3
A1I72NHC21347A,10,2,5,5
A1I72NHC21347A,10,3,2,2
A1I72NHC21347A,10,4,1,5
A1I72NHC21347A,1,1,5,5
A1I72NHC21347A,1,2,1,4
A1I72NHC21347A,36,1,3,6
A1I72NHC21347A,36,2,1,1
A1I72NHC21347A,36,3,3,1
A1I72NHC21347A,24,1,1,3
A1I72NHC21347A,24,2,4,2
A1I72NHC21347A,24,3,5,4
A1I72NHC21347A,6,1,6,4
A1I72NHC21347A,6,2,1,4
A1I72NHC21347A,9,1,6,3
A1I72NHC21347A,9,2,2,1
A1I72NHC21347A,9,3,5,3
A1I72NHC21347A,9,4,2,2
A1I72NHC21347A,18,1,6,3
A1I72NHC21347A,18,2,1,4
A1I72NHC21347A,18,3,3,6
A1I72NHC21347A,18,4,4,1
A1I72NHC21347A,13,1,4,4
A1I72NHC21347A,13,2,6,5
A1I72NHC21347A,13,3,6,2
A1I72NHC21347A,13,4,4,3
A1I72NHC21347A,19,1,1,4
A1I72NHC21347A,19,2,6,6
A1I72NHC21347A,14,1,4,4
A1I72NHC21347A,14,2,3,3
A1I72NHC21347A,7,1,3,5
A1I72NHC21347A,7,2,2,3
A1I72NHC21347A,7,3,5,3
A3TBG0S2IEBVHU,10,1,1,5
A3TBG0S2IEBVHU,10,2,2,2
A3TBG0S2IEBVHU,10,3,6,2
A3TBG0S2IEBVHU,10,4,6,5
A3TBG0S2IEBVHU,6,1,1,3
A3TBG0S2IEBVHU,6,2,6,4
A3TBG0S2IEBVHU,6,3,4,6
A3TBG0S2IEBVHU,6,4,3,1
A3TBG0S2IEBVHU,7,1,2,3
A3TBG0S2IEBVHU,7,2,5,5
A3TBG0S2IEBVHU,11,1,6,1
A3TBG0S2IEBVHU,11,2,6,6
A3TBG0S2IEBVHU,11,3,2,3
A3TBG0S2IEBVHU,11,4,2,4
A3TBG0S2IEBVHU,35,1,1,1
A3TBG0S2IEBVHU,35,2,2,5
A3TBG0S2IEBVHU,35,3,5,5
A3TBG0S2IEBVHU,35,4,5,2
A3TBG0S2IEBVHU,22,1,2,3
A3TBG0S2IEBVHU,22,2,5,4
A3TBG0S2IEBVHU,19,1,1,1
A3TBG0S2IEBVHU,19,2,6,3
A3TBG0S2IEBVHU,19,3,3,6
A3TBG0S2IEBVHU,3,1,3,3
A3TBG0S2IEBVHU,3,2,4,4
A3TBG0S2IEBVHU,30,1,2,5
A3TBG0S2IEBVHU,30,2,5,2
A3TBG0S2IEBVHU,30,3,5,4
A3TBG0S2IEBVHU,40,1,1,1
A3TBG0S2IEBVHU,40,2,6,6
A3TBG0S2IEBVHU,2,1,1,2
A3TBG0S2IEBVHU,2,2,6,5
A3TBG0S2IEBVHU,27,1,6,1
A3TBG0S2IEBVHU,27,2,6,6
A3TBG0S2IEBVHU,27,3,5,2
A3TBG0S2IEBVHU,27,4,3,5
A3TBG0S2IEBVHU,20,1,1,1
A3TBG0S2IEBVHU,20,2,6,6
A3TBG0S2IEBVHU,20,3,5,2
A3TBG0S2IEBVHU,20,4,2,5
A3TBG0S2IEBVHU,38,1,4,1
A3TBG0S2IEBVHU,38,2,6,3
A3TBG0S2IEBVHU,38,3,1,4
A3TBG0S2IEBVHU,38,4,3,6
A3TBG0S2IEBVHU,32,1,1,2
A3TBG0S2IEBVHU,32,2,2,4
A3TBG0S2IEBVHU,32,3,6,5
A3TBG0S2IEBVHU,32,4,5,3
A3TBG0S2IEBVHU,1,1,1,3
A3TBG0S2IEBVHU,1,2,6,4
A3TBG0S2IEBVHU,1,3,4,1
A3TBG0S2IEBVHU,1,4,3,6
A3TBG0S2IEBVHU,31,1,2,1
A3TBG0S2IEBVHU,31,2,3,6
A3TBG0S2IEBVHU,31,3,5,1
A3TBG0S2IEBVHU,31,4,5,6
A3TBG0S2IEBVHU,18,1,1,4
A3TBG0S2IEBVHU,18,2,6,3
A3TBG0S2IEBVHU,18,3,3,6
A3TBG0S2IEBVHU,18,4,4,1
A3TBG0S2IEBVHU,39,1,1,2
A3TBG0S2IEBVHU,39,2,6,5
A3TBG0S2IEBVHU,39,3,2,5
A3TBG0S2IEBVHU,5,1,5,1
A3TBG0S2IEBVHU,5,2,6,6
A3V2XCDF45VN9X,31,1,2,1
A3V2XCDF45VN9X,31,2,3,6
A3V2XCDF45VN9X,31,3,5,4
A3V2XCDF45VN9X,11,1,2,3
A3V2XCDF45VN9X,11,2,5,1
A3V2XCDF45VN9X,27,1,5,2
A3V2XCDF45VN9X,39,1,1,2
A3V2XCDF45VN9X,39,2,6,5
A3V2XCDF45VN9X,34,1,2,1
A3V2XCDF45VN9X,34,2,3,5
A3V2XCDF45VN9X,34,3,5,6
A3V2XCDF45VN9X,21,1,4,2
A3V2XCDF45VN9X,21,2,2,4
A3V2XCDF45VN9X,38,1,1,4
A3V2XCDF45VN9X,38,2,5,4
A3V2XCDF45VN9X,40,1,1,1
A3V2XCDF45VN9X,40,2,6,6
A3V2XCDF45VN9X,6,1,1,3
A3V2XCDF45VN9X,6,2,6,4
A3V2XCDF45VN9X,15,1,5,2
A3V2XCDF45VN9X,15,2,3,4
A3V2XCDF45VN9X,32,1,5,3
A3V2XCDF45VN9X,32,2,1,2
A3V2XCDF45VN9X,12,1,6,1
A3V2XCDF45VN9X,12,2,6,5
A3V2XCDF45VN9X,26,1,3,2
A3V2XCDF45VN9X,25,1,2,3
A3V2XCDF45VN9X,25,2,3,1
A3V2XCDF45VN9X,3,1,3,3
A3V2XCDF45VN9X,30,1,4,2
A3V2XCDF45VN9X,30,2,4,4
A3V2XCDF45VN9X,5,1,5,1
A3V2XCDF45VN9X,5,2,6,6
A3V2XCDF45VN9X,18,1,1,4
A3V2XCDF45VN9X,18,2,5,2
A3V2XCDF45VN9X,23,1,1,2
A3V2XCDF45VN9X,23,2,5,4
A3V2XCDF45VN9X,13,1,6,2
A3V2XCDF45VN9X,13,2,4,3
APGX2WZ59OWDN,36,1,1,1
APGX2WZ59OWDN,36,2,3,6
APGX2WZ59OWDN,36,3,1,3
APGX2WZ59OWDN,13,1,5,2
APGX2WZ59OWDN,13,2,5,5
APGX2WZ59OWDN,40,1,1,1
APGX2WZ59OWDN,40,2,6,6
APGX2WZ59OWDN,10,1,4,6
APGX2WZ59OWDN,10,2,3,3
APGX2WZ59OWDN,29,1,4,3
APGX2WZ59OWDN,29,2,2,4
APGX2WZ59OWDN,29,3,4,2
APGX2WZ59OWDN,16,1,3,2
APGX2WZ59OWDN,16,2,4,3
APGX2WZ59OWDN,16,3,1,3
APGX2WZ59OWDN,24,1,6,3
APGX2WZ59OWDN,24,2,5,4
APGX2WZ59OWDN,4,1,3,6
APGX2WZ59OWDN,4,2,4,3
APGX2WZ59OWDN,4,3,4,4
APGX2WZ59OWDN,4,4,3,5
APGX2WZ59OWDN,14,1,3,3
APGX2WZ59OWDN,14,2,4,4
APGX2WZ59OWDN,2,1,1,2
APGX2WZ59OWDN,2,2,6,5
APGX2WZ59OWDN,35,1,1,1
APGX2WZ59OWDN,35,2,6,1
APGX2WZ59OWDN,35,3,6,6
APGX2WZ59OWDN,19,1,6,3
APGX2WZ59OWDN,19,2,1,1
APGX2WZ59OWDN,19,3,6,6
APGX2WZ59OWDN,6,1,1,3
APGX2WZ59OWDN,6,2,3,1
APGX2WZ59OWDN,6,3,4,1
APGX2WZ59OWDN,9,1,2,1
APGX2WZ59OWDN,9,2,6,3
APGX2WZ59OWDN,3,1,3,3
APGX2WZ59OWDN,3,2,4,4
APGX2WZ59OWDN,11,1,5,1
APGX2WZ59OWDN,11,2,2,3
APGX2WZ59OWDN,8,1,2,4
APGX2WZ59OWDN,8,2,6,2
APGX2WZ59OWDN,28,1,3,2
APGX2WZ59OWDN,28,2,5,5
APGX2WZ59OWDN,15,1,3,2
APGX2WZ59OWDN,15,2,5,4
APGX2WZ59OWDN,7,1,2,3
APGX2WZ59OWDN,7,2,5,5
A1TW2BZRRS874Z,34,1,2,1
A1TW2BZRRS874Z,34,2,3,5
A1TW2BZRRS874Z,34,3,5,5
A1TW2BZRRS874Z,34,4,5,1
A1TW2BZRRS874Z,4,1,5,6
A1TW2BZRRS874Z,4,2,2,1
A1TW2BZRRS874Z,4,3,4,3
A1TW2BZRRS874Z,4,4,4,4
A1TW2BZRRS874Z,20,1,1,1
A1TW2BZRRS874Z,20,2,4,1
A1TW2BZRRS874Z,20,3,3,3
A1TW2BZRRS874Z,20,4,5,4
A1TW2BZRRS874Z,35,1,1,1
A1TW2BZRRS874Z,35,2,6,6
A1TW2BZRRS874Z,35,3,6,1
A1TW2BZRRS874Z,29,1,2,5
A1TW2BZRRS874Z,29,2,4,3
A1TW2BZRRS874Z,29,3,4,2
A1TW2BZRRS874Z,23,1,1,2
A1TW2BZRRS874Z,23,2,6,5
A1TW2BZRRS874Z,23,3,2,3
A1TW2BZRRS874Z,23,4,5,5
A1TW2BZRRS874Z,38,1,1,4
A1TW2BZRRS874Z,38,2,4,5
A1TW2BZRRS874Z,38,3,3,2
A1TW2BZRRS874Z,19,1,1,1
A1TW2BZRRS874Z,19,2,4,1
A1TW2BZRRS874Z,19,3,1,4
A1TW2BZRRS874Z,9,1,2,1
A1TW2BZRRS874Z,9,2,2,2
A1TW2BZRRS874Z,9,3,5,3
A1TW2BZRRS874Z,8,1,3,1
A1TW2BZRRS874Z,8,2,2,3
A1TW2BZRRS874Z,8,3,2,4
A1TW2BZRRS874Z,27,1,6,1
A1TW2BZRRS874Z,27,2,3,5
A1TW2BZRRS874Z,22,1,2,3
A1TW2BZRRS874Z,22,2,5,3
A1TW2BZRRS874Z,22,3,5,4
A1TW2BZRRS874Z,7,1,2,3
A1TW2BZRRS874Z,7,2,5,5
A1TW2BZRRS874Z,7,3,5,3
A1TW2BZRRS874Z,37,1,2,2
A1TW2BZRRS874Z,37,2,5,5
A1TW2BZRRS874Z,12,1,3,3
A1TW2BZRRS874Z,12,2,4,2
A1TW2BZRRS874Z,12,3,5,1
A1TW2BZRRS874Z,28,1,5,2
A1TW2BZRRS874Z,28,2,5,5
A1TW2BZRRS874Z,28,3,3,2
A1TW2BZRRS874Z,28,4,3,5
A1TW2BZRRS874Z,21,1,2,4
A1TW2BZRRS874Z,21,2,4,2
A1TW2BZRRS874Z,21,3,4,4
A1TW2BZRRS874Z,3,1,3,3
A1TW2BZRRS874Z,3,2,3,4
A1TW2BZRRS874Z,3,3,4,4
A1TW2BZRRS874Z,24,1,2,3
A1TW2BZRRS874Z,24,2,3,5
A1TW2BZRRS874Z,24,3,4,2
A1TW2BZRRS874Z,24,4,5,4
A1TW2BZRRS874Z,30,1,4,2
A1TW2BZRRS874Z,30,2,5,2
A1TW2BZRRS874Z,30,3,5,4
AYCHPTQRYDT7G,6,1,1,3
AYCHPTQRYDT7G,6,2,6,4
AYCHPTQRYDT7G,30,1,5,2
AYCHPTQRYDT7G,30,2,2,5
AYCHPTQRYDT7G,30,3,4,2
AYCHPTQRYDT7G,15,1,5,2
AYCHPTQRYDT7G,15,2,3,4
AYCHPTQRYDT7G,32,1,6,2
AYCHPTQRYDT7G,32,2,1,5
AYCHPTQRYDT7G,3,1,4,3
AYCHPTQRYDT7G,3,2,3,4
AYCHPTQRYDT7G,37,1,6,1
AYCHPTQRYDT7G,37,2,1,1
AYCHPTQRYDT7G,37,3,6,6
AYCHPTQRYDT7G,19,1,5,2
AYCHPTQRYDT7G,19,2,1,4
AYCHPTQRYDT7G,12,1,6,1
AYCHPTQRYDT7G,12,2,3,5
AYCHPTQRYDT7G,7,1,5,3
AYCHPTQRYDT7G,7,2,2,5
AYCHPTQRYDT7G,26,1,5,3
AYCHPTQRYDT7G,26,2,3,5
AYCHPTQRYDT7G,26,3,2,4
AYCHPTQRYDT7G,20,1,5,2
AYCHPTQRYDT7G,20,2,2,5
AYCHPTQRYDT7G,9,1,6,3
AYCHPTQRYDT7G,9,2,2,1
AYCHPTQRYDT7G,2,1,6,2
AYCHPTQRYDT7G,2,2,1,5
AYCHPTQRYDT7G,17,1,5,2
AYCHPTQRYDT7G,17,2,3,6
AYCHPTQRYDT7G,13,1,6,2
AYCHPTQRYDT7G,13,2,4,4
AYCHPTQRYDT7G,16,1,6,3
AYCHPTQRYDT7G,16,2,3,5
AYCHPTQRYDT7G,16,3,3,2
AYCHPTQRYDT7G,27,1,6,1
AYCHPTQRYDT7G,27,2,3,5
AYCHPTQRYDT7G,28,1,5,2
AYCHPTQRYDT7G,28,2,3,5
AYCHPTQRYDT7G,10,1,5,3
AYCHPTQRYDT7G,10,2,5,5
AYCHPTQRYDT7G,23,1,5,4
AYCHPTQRYDT7G,23,2,2,3
A1UZXOMO6BS6I2,32,1,5,4
A1UZXOMO6BS6I2,32,2,6,5
A1UZXOMO6BS6I2,32,3,2,3
A1UZXOMO6BS6I2,32,4,1,2
A1UZXOMO6BS6I2,15,1,5,2
A1UZXOMO6BS6I2,15,2,3,4
A1UZXOMO6BS6I2,20,1,1,1
A1UZXOMO6BS6I2,20,2,6,6
A1UZXOMO6BS6I2,20,3,2,5
A1UZXOMO6BS6I2,20,4,3,6
A1UZXOMO6BS6I2,39,1,5,2
A1UZXOMO6BS6I2,39,2,6,5
A1UZXOMO6BS6I2,4,1,2,1
A1UZXOMO6BS6I2,4,2,2,6
A1UZXOMO6BS6I2,4,3,4,3
A1UZXOMO6BS6I2,4,4,4,4
A1UZXOMO6BS6I2,35,1,2,2
A1UZXOMO6BS6I2,35,2,2,5
A1UZXOMO6BS6I2,35,3,5,2
A1UZXOMO6BS6I2,2,1,1,2
A1UZXOMO6BS6I2,2,2,6,5
A1UZXOMO6BS6I2,33,1,2,3
A1UZXOMO6BS6I2,33,2,5,4
A1UZXOMO6BS6I2,6,1,1,3
A1UZXOMO6BS6I2,6,2,3,1
A1UZXOMO6BS6I2,6,3,6,3
A1UZXOMO6BS6I2,6,4,3,6
A1UZXOMO6BS6I2,40,1,3,3
A1UZXOMO6BS6I2,40,2,1,1
A1UZXOMO6BS6I2,40,3,2,2
A1UZXOMO6BS6I2,9,1,2,1
A1UZXOMO6BS6I2,9,2,6,3
A1UZXOMO6BS6I2,17,1,2,3
A1UZXOMO6BS6I2,17,2,3,6
A1UZXOMO6BS6I2,29,1,2,5
A1UZXOMO6BS6I2,29,2,5,5
A1UZXOMO6BS6I2,29,3,5,2
A1UZXOMO6BS6I2,36,1,1,1
A1UZXOMO6BS6I2,36,2,3,6
A1UZXOMO6BS6I2,34,1,3,2
A1UZXOMO6BS6I2,34,2,3,5
A1UZXOMO6BS6I2,25,1,3,1
A1UZXOMO6BS6I2,25,2,4,6
A1UZXOMO6BS6I2,25,3,2,3
A1UZXOMO6BS6I2,25,4,5,4
A1UZXOMO6BS6I2,27,1,3,2
A1UZXOMO6BS6I2,27,2,5,5
A1UZXOMO6BS6I2,27,3,6,6
A1UZXOMO6BS6I2,16,1,3,2
A1UZXOMO6BS6I2,16,2,4,5
A1UZXOMO6BS6I2,1,1,2,5
A1UZXOMO6BS6I2,1,2,2,2
A1UZXOMO6BS6I2,30,1,5,2
A1UZXOMO6BS6I2,30,2,5,4
A33Z6BHAJUGCHY,36,1,1,3
A33Z6BHAJUGCHY,36,2,1,4
A33Z6BHAJUGCHY,30,1,4,2
A33Z6BHAJUGCHY,30,2,2,5
A33Z6BHAJUGCHY,30,3,5,4
A33Z6BHAJUGCHY,8,1,2,3
A33Z6BHAJUGCHY,8,2,3,1
A33Z6BHAJUGCHY,8,3,6,3
A33Z6BHAJUGCHY,2,1,6,3
A33Z6BHAJUGCHY,2,2,1,3
A33Z6BHAJUGCHY,34,1,2,1
A33Z6BHAJUGCHY,34,2,5,6
A33Z6BHAJUGCHY,34,3,3,5
A33Z6BHAJUGCHY,34,4,5,2
A33Z6BHAJUGCHY,4,1,2,6
A33Z6BHAJUGCHY,4,2,4,3
A33Z6BHAJUGCHY,23,1,5,4
A33Z6BHAJUGCHY,23,2,2,4
A33Z6BHAJUGCHY,37,1,1,1
A33Z6BHAJUGCHY,37,2,6,1
A33Z6BHAJUGCHY,37,3,6,6
A33Z6BHAJUGCHY,37,4,1,6
A33Z6BHAJUGCHY,5,1,5,1
A33Z6BHAJUGCHY,5,2,6,6
A33Z6BHAJUGCHY,39,1,1,5
A33Z6BHAJUGCHY,39,2,6,2
A33Z6BHAJUGCHY,39,3,2,2
A33Z6BHAJUGCHY,33,1,5,3
A33Z6BHAJUGCHY,13,1,6,2
A33Z6BHAJUGCHY,13,2,5,5
A33Z6BHAJUGCHY,16,1,4,4
A33Z6BHAJUGCHY,16,2,4,2
A33Z6BHAJUGCHY,16,3,6,3
A33Z6BHAJUGCHY,29,1,4,2
A33Z6BHAJUGCHY,29,2,2,4
A33Z6BHAJUGCHY,29,3,4,4
A33Z6BHAJUGCHY,29,4,4,3
A33Z6BHAJUGCHY,26,1,2,4
A33Z6BHAJUGCHY,26,2,4,2
A33Z6BHAJUGCHY,21,1,4,2
A33Z6BHAJUGCHY,21,2,2,4
A33Z6BHAJUGCHY,21,3,4,4
A33Z6BHAJUGCHY,9,1,2,2
A33Z6BHAJUGCHY,9,2,5,3
A33Z6BHAJUGCHY,9,3,6,3
A33Z6BHAJUGCHY,27,1,6,1
A33Z6BHAJUGCHY,27,2,5,2
A33Z6BHAJUGCHY,22,1,2,4
A33Z6BHAJUGCHY,22,2,5,4
A33Z6BHAJUGCHY,22,3,4,3
A33Z6BHAJUGCHY,24,1,1,4
A33Z6BHAJUGCHY,24,2,6,4
A1TD88JHBU0VET,28,1,5,2
A1TD88JHBU0VET,28,2,5,5
A1TD88JHBU0VET,4,1,2,1
A1TD88JHBU0VET,4,2,4,3
A1TD88JHBU0VET,2,1,1,2
A1TD88JHBU0VET,2,2,1,5
A1TD88JHBU0VET,35,1,6,1
A1TD88JHBU0VET,35,2,6,6
A1TD88JHBU0VET,17,1,2,3
A1TD88JHBU0VET,17,2,1,4
A1TD88JHBU0VET,17,3,2,5
A1TD88JHBU0VET,17,4,3,6
A1TD88JHBU0VET,40,1,1,1
A1TD88JHBU0VET,40,2,2,2
A1TD88JHBU0VET,40,3,3,3
A1TD88JHBU0VET,36,1,1,3
A1TD88JHBU0VET,36,2,1,4
A1TD88JHBU0VET,8,1,2,3
A1TD88JHBU0VET,8,2,2,4
A1TD88JHBU0VET,30,1,5,2
A1TD88JHBU0VET,30,2,5,4
A1TD88JHBU0VET,25,1,2,3
A1TD88JHBU0VET,25,2,3,1
A1TD88JHBU0VET,25,3,2,4
A1TD88JHBU0VET,14,1,3,3
A1TD88JHBU0VET,14,2,4,4
A1TD88JHBU0VET,38,1,4,1
A1TD88JHBU0VET,38,2,3,2
A1TD88JHBU0VET,3,1,3,3
A1TD88JHBU0VET,3,2,4,4
A1TD88JHBU0VET,19,1,4,1
A1TD88JHBU0VET,19,2,1,1
A1TD88JHBU0VET,19,3,2,2
A1TD88JHBU0VET,19,4,1,4
A1TD88JHBU0VET,10,1,4,6
A1TD88JHBU0VET,10,2,4,4
A1TD88JHBU0VET,27,1,6,1
A1TD88JHBU0VET,27,2,5,2
A1TD88JHBU0VET,27,3,5,5
A1TD88JHBU0VET,27,4,6,6
A1TD88JHBU0VET,15,1,5,2
A1TD88JHBU0VET,15,2,3,4
A1TD88JHBU0VET,24,1,1,3
A1TD88JHBU0VET,24,2,6,3
A1TD88JHBU0VET,31,1,5,4
A1TD88JHBU0VET,31,2,2,1
A1TD88JHBU0VET,9,1,2,1
A1TD88JHBU0VET,9,2,2,2
A1TD88JHBU0VET,9,3,5,3
A1TD88JHBU0VET,9,4,6,3
A2GV9WSNSPX53,25,1,2,3
A2GV9WSNSPX53,25,2,5,4
A2GV9WSNSPX53,25,3,4,1
A2GV9WSNSPX53,35,1,1,1
A2GV9WSNSPX53,35,2,6,1
A2GV9WSNSPX53,19,1,1,4
A2GV9WSNSPX53,19,2,1,1
A2GV9WSNSPX53,19,3,6,6
A2GV9WSNSPX53,39,1,1,5
A2GV9WSNSPX53,39,2,1,2
A2GV9WSNSPX53,38,1,1,4
A2GV9WSNSPX53,38,2,4,4
A2GV9WSNSPX53,15,1,5,2
A2GV9WSNSPX53,15,2,3,4
A2GV9WSNSPX53,4,1,2,1
A2GV9WSNSPX53,4,2,4,4
A2GV9WSNSPX53,4,3,2,6
A2GV9WSNSPX53,9,1,2,1
A2GV9WSNSPX53,9,2,6,3
A2GV9WSNSPX53,34,1,2,6
A2GV9WSNSPX53,34,2,3,5
A2GV9WSNSPX53,27,1,3,5
A2GV9WSNSPX53,27,2,6,6
A2GV9WSNSPX53,26,1,3,2
A2GV9WSNSPX53,36,1,1,3
A2GV9WSNSPX53,36,2,1,4
A2GV9WSNSPX53,8,1,2,4
A2GV9WSNSPX53,8,2,2,3
A2GV9WSNSPX53,28,1,5,2
A2GV9WSNSPX53,28,2,5,5
A2GV9WSNSPX53,17,1,4,1
A2GV9WSNSPX53,17,2,5,4
A2GV9WSNSPX53,17,3,2,3
A2GV9WSNSPX53,17,4,3,6
A2GV9WSNSPX53,10,1,6,2
A2GV9WSNSPX53,10,2,6,4
A2GV9WSNSPX53,10,3,1,5
A2GV9WSNSPX53,3,1,3,3
A2GV9WSNSPX53,3,2,4,4
A2GV9WSNSPX53,30,1,4,2
A2GV9WSNSPX53,30,2,5,2
A2GV9WSNSPX53,31,1,2,6
A2GV9WSNSPX53,31,2,3,1
A2GV9WSNSPX53,33,1,2,3
A2GV9WSNSPX53,33,2,5,4
A2ZDEERVRN5AMC,1,1,1,3
A2ZDEERVRN5AMC,1,2,6,4
A2ZDEERVRN5AMC,16,1,3,5
A2ZDEERVRN5AMC,16,2,1,3
A2ZDEERVRN5AMC,39,1,1,2
A2ZDEERVRN5AMC,39,2,1,5
A2ZDEERVRN5AMC,33,1,2,3
A2ZDEERVRN5AMC,33,2,5,4
A2ZDEERVRN5AMC,9,1,5,3
A2ZDEERVRN5AMC,9,2,2,1
A2ZDEERVRN5AMC,9,3,2,2
A2ZDEERVRN5AMC,9,4,6,3
A2ZDEERVRN5AMC,22,1,2,4
A2ZDEERVRN5AMC,22,2,5,3
A2ZDEERVRN5AMC,8,1,4,1
A2ZDEERVRN5AMC,8,2,2,4
A2ZDEERVRN5AMC,8,3,2,3
A2ZDEERVRN5AMC,8,4,3,1
A2ZDEERVRN5AMC,10,1,4,6
A2ZDEERVRN5AMC,10,2,4,3
A2ZDEERVRN5AMC,11,1,6,6
A2ZDEERVRN5AMC,11,2,2,3
A2ZDEERVRN5AMC,23,1,5,4
A2ZDEERVRN5AMC,23,2,2,3
A2ZDEERVRN5AMC,27,1,4,5
A2ZDEERVRN5AMC,27,2,5,2
A2ZDEERVRN5AMC,27,3,5,5
A2ZDEERVRN5AMC,26,1,3,5
A2ZDEERVRN5AMC,26,2,4,2
A2ZDEERVRN5AMC,24,1,5,4
A2ZDEERVRN5AMC,24,2,2,4
A2ZDEERVRN5AMC,12,1,3,3
A2ZDEERVRN5AMC,12,2,4,2
A2ZDEERVRN5AMC,12,3,5,1
A2ZDEERVRN5AMC,20,1,3,2
A2ZDEERVRN5AMC,20,2,3,3
A2ZDEERVRN5AMC,20,3,4,3
A2ZDEERVRN5AMC,19,1,2,2
A2ZDEERVRN5AMC,19,2,6,3
A2ZDEERVRN5AMC,37,1,1,1
A2ZDEERVRN5AMC,37,2,6,6
A2ZDEERVRN5AMC,2,1,1,3
A2ZDEERVRN5AMC,2,2,6,4
A2ZDEERVRN5AMC,35,1,6,6
A2ZDEERVRN5AMC,35,2,6,1
A2ZDEERVRN5AMC,25,1,2,3
A2ZDEERVRN5AMC,25,2,5,4
A2ZDEERVRN5AMC,25,3,4,1
A2ZDEERVRN5AMC,25,4,3,6
A12XVSIL669PVI,40,1,1,1
A12XVSIL669PVI,40,2,6,6
A12XVSIL669PVI,28,1,5,2
A12XVSIL669PVI,28,2,5,5
A12XVSIL669PVI,28,3,3,2
A12XVSIL669PVI,28,4,3,5
A12XVSIL669PVI,21,1,4,4
A12XVSIL669PVI,21,2,3,3
A12XVSIL669PVI,31,1,2,3
A12XVSIL669PVI,31,2,2,2
A12XVSIL669PVI,16,1,3,2
A12XVSIL669PVI,16,2,1,4
A12XVSIL669PVI,14,1,3,3
A12XVSIL669PVI,14,2,4,4
A12XVSIL669PVI,33,1,2,3
A12XVSIL669PVI,33,2,3,3
A12XVSIL669PVI,9,1,6,3
A12XVSIL669PVI,9,2,2,1
A12XVSIL669PVI,8,1,3,4
A12XVSIL669PVI,13,1,6,5
A12XVSIL669PVI,13,2,6,2
A12XVSIL669PVI,19,1,1,4
A12XVSIL669PVI,1,1,5,2
A12XVSIL669PVI,1,2,6,3
A12XVSIL669PVI,7,1,5,4
A12XVSIL669PVI,5,1,5,1
A12XVSIL669PVI,5,2,5,6
A12XVSIL669PVI,35,1,1,6
A12XVSIL669PVI,35,2,6,6
A12XVSIL669PVI,37,1,5,5
A12XVSIL669PVI,39,1,2,2
A12XVSIL669PVI,12,1,6,5
A12XVSIL669PVI,3,1,4,4
A12XVSIL669PVI,3,2,3,3
A12XVSIL669PVI,36,1,3,4
A12XVSIL669PVI,36,2,3,3
A1QW2XUJ7KZCV5,7,1,2,5
A1QW2XUJ7KZCV5,7,2,5,3
A1QW2XUJ7KZCV5,26,1,5,3
A1QW2XUJ7KZCV5,26,2,2,4
A1QW2XUJ7KZCV5,26,3,3,2
A1QW2XUJ7KZCV5,2,1,1,2
A1QW2XUJ7KZCV5,2,2,6,5
A1QW2XUJ7KZCV5,9,1,5,3
A1QW2XUJ7KZCV5,9,2,2,1
A1QW2XUJ7KZCV5,37,1,1,1
A1QW2XUJ7KZCV5,37,2,1,6
A1QW2XUJ7KZCV5,37,3,5,2
A1QW2XUJ7KZCV5,37,4,5,5
A1QW2XUJ7KZCV5,34,1,5,2
A1QW2XUJ7KZCV5,34,2,2,6
A1QW2XUJ7KZCV5,34,3,2,2
A1QW2XUJ7KZCV5,22,1,2,3
A1QW2XUJ7KZCV5,22,2,5,4
A1QW2XUJ7KZCV5,18,1,5,2
A1QW2XUJ7KZCV5,18,2,2,5
A1QW2XUJ7KZCV5,1,1,1,3
A1QW2XUJ7KZCV5,1,2,5,5
A1QW2XUJ7KZCV5,39,1,1,2
A1QW2XUJ7KZCV5,39,2,6,5
A1QW2XUJ7KZCV5,29,1,5,2
A1QW2XUJ7KZCV5,29,2,2,5
A1QW2XUJ7KZCV5,29,3,5,5
A1QW2XUJ7KZCV5,10,1,4,6
A1QW2XUJ7KZCV5,10,2,6,4
A1QW2XUJ7KZCV5,10,3,2,2
A1QW2XUJ7KZCV5,33,1,2,3
A1QW2XUJ7KZCV5,33,2,5,4
A1QW2XUJ7KZCV5,32,1,2,3
A1QW2XUJ7KZCV5,32,2,6,5
A1QW2XUJ7KZCV5,31,1,2,3
A1QW2XUJ7KZCV5,31,2,5,4
A1QW2XUJ7KZCV5,31,3,2,1
A1QW2XUJ7KZCV5,20,1,1,1
A1QW2XUJ7KZCV5,20,2,4,1
A1QW2XUJ7KZCV5,25,1,2,3
A1QW2XUJ7KZCV5,25,2,5,4
A1QW2XUJ7KZCV5,25,3,3,1
A1QW2XUJ7KZCV5,12,1,6,5
A1QW2XUJ7KZCV5,12,2,5,1
A1QW2XUJ7KZCV5,21,1,2,4
A1QW2XUJ7KZCV5,21,2,4,4
A1QW2XUJ7KZCV5,13,1,6,5
A1QW2XUJ7KZCV5,13,2,6,2
A1P47Q6LZPLQ6P,26,1,4,2
A1P47Q6LZPLQ6P,26,2,2,3
A1P47Q6LZPLQ6P,26,3,3,5
A1P47Q6LZPLQ6P,26,4,5,4
A1P47Q6LZPLQ6P,38,1,3,3
A1P47Q6LZPLQ6P,38,2,3,4
A1P47Q6LZPLQ6P,22,1,4,4
A1P47Q6LZPLQ6P,40,1,3,3
A1P47Q6LZPLQ6P,40,2,5,5
A1P47Q6LZPLQ6P,36,1,2,3
A1P47Q6LZPLQ6P,36,2,2,4
A1P47Q6LZPLQ6P,30,1,2,5
A1P47Q6LZPLQ6P,30,2,5,2
A1P47Q6LZPLQ6P,5,1,5,1
A1P47Q6LZPLQ6P,5,2,5,3
A1P47Q6LZPLQ6P,5,3,5,5
A1P47Q6LZPLQ6P,5,4,5,6
A1P47Q6LZPLQ6P,18,1,1,4
A1P47Q6LZPLQ6P,18,2,2,5
A1P47Q6LZPLQ6P,18,3,3,6
A1P47Q6LZPLQ6P,18,4,5,2
A1P47Q6LZPLQ6P,17,1,2,3
A1P47Q6LZPLQ6P,17,2,2,5
A1P47Q6LZPLQ6P,17,3,1,4
A1P47Q6LZPLQ6P,17,4,3,6
A1P47Q6LZPLQ6P,28,1,3,2
A1P47Q6LZPLQ6P,28,2,5,2
A1P47Q6LZPLQ6P,28,3,3,5
A1P47Q6LZPLQ6P,28,4,5,5
A1P47Q6LZPLQ6P,31,1,5,4
A1P47Q6LZPLQ6P,31,2,2,1
A1P47Q6LZPLQ6P,25,1,4,6
A1P47Q6LZPLQ6P,9,1,6,3
A1P47Q6LZPLQ6P,24,1,1,4
A1P47Q6LZPLQ6P,24,2,2,4
A1P47Q6LZPLQ6P,4,1,2,1
A1P47Q6LZPLQ6P,37,1,1,1
A1P47Q6LZPLQ6P,37,2,1,6
A1P47Q6LZPLQ6P,37,3,6,6
A1P47Q6LZPLQ6P,37,4,6,1
A1P47Q6LZPLQ6P,35,1,5,2
A1P47Q6LZPLQ6P,35,2,5,5
A1P47Q6LZPLQ6P,12,1,6,1
A1P47Q6LZPLQ6P,12,2,6,5
A1P47Q6LZPLQ6P,11,1,2,3
A1P47Q6LZPLQ6P,14,1,3,3
A1P47Q6LZPLQ6P,14,2,3,4
A1P47Q6LZPLQ6P,14,3,4,3
A1P47Q6LZPLQ6P,14,4,4,4
A110KENBXU7SUJ,7,1,5,5
A110KENBXU7SUJ,7,2,5,3
A110KENBXU7SUJ,26,1,4,5
A110KENBXU7SUJ,26,2,2,3
A110KENBXU7SUJ,26,3,4,2
A110KENBXU7SUJ,26,4,5,3
A110KENBXU7SUJ,40,1,4,4
A110KENBXU7SUJ,40,2,5,5
A110KENBXU7SUJ,36,1,3,6
A110KENBXU7SUJ,36,2,1,1
A110KENBXU7SUJ,13,1,5,2
A110KENBXU7SUJ,13,2,6,5
A110KENBXU7SUJ,31,1,2,3
A110KENBXU7SUJ,31,2,2,4
A110KENBXU7SUJ,31,3,2,1
A110KENBXU7SUJ,28,1,3,4
A110KENBXU7SUJ,21,1,4,4
A110KENBXU7SUJ,21,2,3,3
A110KENBXU7SUJ,19,1,1,4
A110KENBXU7SUJ,19,2,5,5
A110KENBXU7SUJ,17,1,5,2
A110KENBXU7SUJ,17,2,1,4
A110KENBXU7SUJ,29,1,4,2
A110KENBXU7SUJ,29,2,2,5
A110KENBXU7SUJ,11,1,2,4
A110KENBXU7SUJ,11,2,5,1
A110KENBXU7SUJ,10,1,3,3
A110KENBXU7SUJ,10,2,6,5
A110KENBXU7SUJ,10,3,6,2
A110KENBXU7SUJ,9,1,6,1
A110KENBXU7SUJ,39,1,5,5
A110KENBXU7SUJ,39,2,1,5
A110KENBXU7SUJ,39,3,1,2
A110KENBXU7SUJ,30,1,4,2
A110KENBXU7SUJ,30,2,2,5
A110KENBXU7SUJ,24,1,5,4
A110KENBXU7SUJ,24,2,6,3
A110KENBXU7SUJ,2,1,1,5
A110KENBXU7SUJ,2,2,6,2
A110KENBXU7SUJ,18,1,2,5
A110KENBXU7SUJ,18,2,5,2
A110KENBXU7SUJ,35,1,6,1
A110KENBXU7SUJ,35,2,1,6
A110KENBXU7SUJ,35,3,6,6
A2WNTI69VVVWMZ,31,1,5,4
A2WNTI69VVVWMZ,31,2,2,6
A2WNTI69VVVWMZ,22,1,3,4
A2WNTI69VVVWMZ,22,2,4,4
A2WNTI69VVVWMZ,22,3,2,3
A2WNTI69VVVWMZ,22,4,5,3
A2WNTI69VVVWMZ,4,1,2,6
A2WNTI69VVVWMZ,4,2,2,1
A2WNTI69VVVWMZ,4,3,3,2
A2WNTI69VVVWMZ,4,4,3,5
A2WNTI69VVVWMZ,7,1,5,3
A2WNTI69VVVWMZ,7,2,5,5
A2WNTI69VVVWMZ,7,3,2,3
A2WNTI69VVVWMZ,7,4,2,5
A2WNTI69VVVWMZ,12,1,5,1
A2WNTI69VVVWMZ,12,2,3,3
A2WNTI69VVVWMZ,25,1,2,3
A2WNTI69VVVWMZ,25,2,4,1
A2WNTI69VVVWMZ,25,3,2,4
A2WNTI69VVVWMZ,25,4,3,1
A2WNTI69VVVWMZ,13,1,6,2
A2WNTI69VVVWMZ,13,2,4,3
A2WNTI69VVVWMZ,13,3,6,5
A2WNTI69VVVWMZ,17,1,2,3
A2WNTI69VVVWMZ,17,2,3,6
A2WNTI69VVVWMZ,17,3,2,5
A2WNTI69VVVWMZ,17,4,1,4
A2WNTI69VVVWMZ,15,1,3,2
A2WNTI69VVVWMZ,15,2,5,4
A2WNTI69VVVWMZ,2,1,1,2
A2WNTI69VVVWMZ,2,2,6,5
A2WNTI69VVVWMZ,28,1,5,2
A2WNTI69VVVWMZ,28,2,5,5
A2WNTI69VVVWMZ,28,3,3,2
A2WNTI69VVVWMZ,28,4,3,5
A2WNTI69VVVWMZ,8,1,2,4
A2WNTI69VVVWMZ,8,2,3,1
A2WNTI69VVVWMZ,26,1,3,2
A2WNTI69VVVWMZ,26,2,4,2
A2WNTI69VVVWMZ,26,3,4,5
A2WNTI69VVVWMZ,26,4,3,5
A2WNTI69VVVWMZ,30,1,4,2
A2WNTI69VVVWMZ,30,2,5,2
A2WNTI69VVVWMZ,32,1,1,2
A2WNTI69VVVWMZ,32,2,2,3
A2WNTI69VVVWMZ,32,3,2,4
A2WNTI69VVVWMZ,32,4,1,5
A2WNTI69VVVWMZ,10,1,2,2
A2WNTI69VVVWMZ,10,2,3,2
A2WNTI69VVVWMZ,10,3,4,2
A2WNTI69VVVWMZ,10,4,6,2
A2WNTI69VVVWMZ,37,1,2,2
A2WNTI69VVVWMZ,37,2,2,5
A2WNTI69VVVWMZ,37,3,5,2
A2WNTI69VVVWMZ,37,4,5,5
A2WNTI69VVVWMZ,24,1,1,3
A2WNTI69VVVWMZ,24,2,6,3
A2WNTI69VVVWMZ,40,1,1,1
A2WNTI69VVVWMZ,40,2,6,6
A2WNTI69VVVWMZ,5,1,5,1
A2WNTI69VVVWMZ,5,2,6,1
A2WNTI69VVVWMZ,5,3,6,6
A2WNTI69VVVWMZ,5,4,5,6
A2OVX9UW5WANQE,38,1,1,6
A2OVX9UW5WANQE,38,2,6,1
A2OVX9UW5WANQE,12,1,3,3
A2OVX9UW5WANQE,12,2,4,2
A2OVX9UW5WANQE,12,3,5,1
A2OVX9UW5WANQE,31,1,5,3
A2OVX9UW5WANQE,17,1,3,6
A2OVX9UW5WANQE,20,1,4,4
A2OVX9UW5WANQE,22,1,2,3
A2OVX9UW5WANQE,32,1,1,5
A2OVX9UW5WANQE,15,1,5,4
A2OVX9UW5WANQE,21,1,4,4
A2OVX9UW5WANQE,16,1,1,3
A2OVX9UW5WANQE,5,1,5,4
A2OVX9UW5WANQE,29,1,4,5
A2OVX9UW5WANQE,18,1,5,2
A2OVX9UW5WANQE,6,1,2,4
A2OVX9UW5WANQE,8,1,6,4
A2OVX9UW5WANQE,36,1,3,3
A2OVX9UW5WANQE,2,1,5,5
A2OVX9UW5WANQE,1,1,5,4
A2OVX9UW5WANQE,19,1,3,6
A2OVX9UW5WANQE,33,1,5,4
A3HNEYFOIJWPH1,29,1,2,4
A3HNEYFOIJWPH1,29,2,5,5
A3HNEYFOIJWPH1,29,3,5,2
A3HNEYFOIJWPH1,40,1,1,1
A3HNEYFOIJWPH1,40,2,6,6
A3HNEYFOIJWPH1,34,1,2,6
A3HNEYFOIJWPH1,34,2,2,1
A3HNEYFOIJWPH1,34,3,5,1
A3HNEYFOIJWPH1,34,4,5,6
A3HNEYFOIJWPH1,12,1,5,1
A3HNEYFOIJWPH1,12,2,3,3
A3HNEYFOIJWPH1,12,3,4,2
A3HNEYFOIJWPH1,38,1,1,6
A3HNEYFOIJWPH1,38,2,6,1
A3HNEYFOIJWPH1,38,3,4,3
A3HNEYFOIJWPH1,37,1,1,1
A3HNEYFOIJWPH1,37,2,6,6
A3HNEYFOIJWPH1,37,3,6,1
A3HNEYFOIJWPH1,37,4,1,6
A3HNEYFOIJWPH1,25,1,2,3
A3HNEYFOIJWPH1,25,2,5,3
A3HNEYFOIJWPH1,25,3,3,1
A3HNEYFOIJWPH1,25,4,4,6
A3HNEYFOIJWPH1,17,1,2,3
A3HNEYFOIJWPH1,17,2,1,4
A3HNEYFOIJWPH1,17,3,4,1
A3HNEYFOIJWPH1,17,4,5,2
A3HNEYFOIJWPH1,30,1,4,2
A3HNEYFOIJWPH1,30,2,5,2
A3HNEYFOIJWPH1,35,1,2,2
A3HNEYFOIJWPH1,35,2,5,5
A3HNEYFOIJWPH1,35,3,5,2
A3HNEYFOIJWPH1,35,4,2,5
A3HNEYFOIJWPH1,7,1,2,3
A3HNEYFOIJWPH1,7,2,5,5
A3HNEYFOIJWPH1,7,3,5,3
A3HNEYFOIJWPH1,7,4,2,5
A3HNEYFOIJWPH1,13,1,4,3
A3HNEYFOIJWPH1,13,2,4,4
A3HNEYFOIJWPH1,13,3,5,2
A3HNEYFOIJWPH1,13,4,5,5
A3HNEYFOIJWPH1,9,1,6,3
A3HNEYFOIJWPH1,9,2,6,1
A3HNEYFOIJWPH1,9,3,2,1
A3HNEYFOIJWPH1,9,4,2,2
A3HNEYFOIJWPH1,10,1,1,5
A3HNEYFOIJWPH1,10,2,2,2
A3HNEYFOIJWPH1,10,3,6,5
A3HNEYFOIJWPH1,10,4,6,2
A3HNEYFOIJWPH1,5,1,5,1
A3HNEYFOIJWPH1,5,2,5,6
A3HNEYFOIJWPH1,5,3,6,5
A3HNEYFOIJWPH1,5,4,6,2
A3HNEYFOIJWPH1,24,1,3,2
A3HNEYFOIJWPH1,24,2,4,2
A3HNEYFOIJWPH1,24,3,3,5
A3HNEYFOIJWPH1,24,4,4,5
A3HNEYFOIJWPH1,20,1,2,5
A3HNEYFOIJWPH1,20,2,4,1
A3HNEYFOIJWPH1,20,3,1,1
A3HNEYFOIJWPH1,20,4,6,6
A3HNEYFOIJWPH1,14,1,3,3
A3HNEYFOIJWPH1,14,2,4,4
A3HNEYFOIJWPH1,22,1,2,3
A3HNEYFOIJWPH1,22,2,5,4
A3HNEYFOIJWPH1,1,1,3,1
A3HNEYFOIJWPH1,1,2,4,1
A3HNEYFOIJWPH1,1,3,3,6
A3HNEYFOIJWPH1,1,4,4,6
