Problem,,Stimuli,,,,,,,,,,,,,,,,,,,,,,,,Discriminability,,,
#,Designer,A,,,,,,B,,,,,,C,,,,,,D,,,,,,k_A,k_B,k_C,k_D
1,NV,0,0,0,0,0,0,0,0,0,0,0,0,0,0,0,0,0,0,0,0,0,0,0,0,1,1,1,3
,,0,0,0,0,0,0,0,0,0,0,0,0,0,0,0,0,0,0,0,0,0,0,0,0,,,,
,,0,0,0,1,0,0,0,0,0,1,0,0,0,0,0,1,0,0,0,0,0,1,0,0,,,,
,,0,0,1,0,1,0,0,0,1,1,0,0,0,0,0,1,1,0,0,0,1,1,1,0,,,,
,,0,0,0,1,0,0,0,0,0,1,0,0,0,0,0,1,0,0,0,0,0,1,0,0,,,,
,,0,0,0,0,0,0,0,0,0,0,0,0,0,0,0,0,0,0,0,0,0,0,0,0,,,,
2,NV,0,0,0,0,0,0,0,0,0,0,0,0,0,0,0,0,0,0,0,0,0,0,0,0,2,2,2,2
,,0,0,0,0,0,0,0,0,0,0,0,0,0,0,0,0,0,0,0,0,0,0,0,0,,,,
,,0,0,0,1,0,0,0,0,0,1,0,0,0,0,0,1,0,0,0,0,0,1,0,0,,,,
,,0,0,0,1,0,0,0,0,1,1,0,0,0,0,0,1,1,0,0,0,1,1,1,0,,,,
,,0,0,0,1,0,0,0,0,0,1,0,0,0,0,0,1,0,0,0,0,0,1,0,0,,,,
,,0,0,0,0,0,0,0,0,0,0,0,0,0,0,0,0,0,0,0,0,0,0,0,0,,,,
3,NV,0,0,0,0,0,0,0,0,0,0,0,0,0,0,0,0,0,0,0,0,0,0,0,0,1,1,2,2
,,0,1,0,0,0,0,0,1,1,1,1,0,0,1,1,1,1,0,0,1,1,0,0,0,,,,
,,0,1,1,0,0,0,0,0,1,1,1,0,0,1,1,1,1,0,0,1,1,0,0,0,,,,
,,0,1,1,1,0,0,0,0,0,1,1,0,0,1,1,1,1,0,0,0,0,1,1,0,,,,
,,0,1,1,1,1,0,0,0,0,0,1,0,0,1,1,1,1,0,0,0,0,1,1,0,,,,
,,0,0,0,0,0,0,0,0,0,0,0,0,0,0,0,0,0,0,0,0,0,0,0,0,,,,
4,NV,0,0,0,0,0,0,0,0,0,0,0,0,0,0,0,0,0,0,0,0,0,0,0,0,2,2,2,2
,,0,1,1,0,0,0,0,1,1,1,1,0,0,0,0,0,0,0,0,0,0,1,1,0,,,,
,,0,1,1,0,0,0,0,1,1,1,1,0,0,0,0,0,0,0,0,0,0,1,1,0,,,,
,,0,1,1,0,0,0,0,0,0,0,0,0,0,1,1,1,1,0,0,0,0,1,1,0,,,,
,,0,1,1,0,0,0,0,0,0,0,0,0,0,1,1,1,1,0,0,0,0,1,1,0,,,,
,,0,0,0,0,0,0,0,0,0,0,0,0,0,0,0,0,0,0,0,0,0,0,0,0,,,,
5,AC,0,0,0,0,0,0,0,0,0,0,0,0,0,0,0,0,0,0,0,0,0,0,0,0,2,2,2,2
,,0,1,0,0,0,0,0,1,1,0,0,0,0,1,1,0,0,0,0,1,0,0,0,0,,,,
,,0,1,1,0,0,0,0,1,1,0,0,0,0,1,1,0,0,0,0,1,1,0,0,0,,,,
,,0,0,0,1,1,0,0,0,0,1,0,0,0,0,0,1,1,0,0,0,0,1,0,0,,,,
,,0,0,0,1,1,0,0,0,0,1,1,0,0,0,0,1,1,0,0,0,0,1,1,0,,,,
,,0,0,0,0,0,0,0,0,0,0,0,0,0,0,0,0,0,0,0,0,0,0,0,0,,,,
6,AC,0,0,0,0,0,0,0,0,0,0,0,0,0,0,0,0,0,0,0,0,0,0,0,0,,,,
,,0,1,0,0,1,0,0,1,0,0,1,0,0,1,0,0,1,0,0,1,0,0,0,0,,,,
,,0,0,1,1,0,0,0,0,1,1,0,0,0,0,1,1,0,0,0,0,1,0,0,0,,,,
,,0,0,1,1,0,0,0,0,1,0,0,0,0,0,0,1,0,0,0,0,1,1,0,0,,,,
,,0,1,0,0,1,0,0,1,0,0,0,0,0,0,0,0,1,0,0,1,0,0,1,0,,,,
,,0,0,0,0,0,0,0,0,0,0,0,0,0,0,0,0,0,0,0,0,0,0,0,0,,,,
7,AC,0,0,0,0,0,0,0,0,0,0,0,0,0,0,0,0,0,0,0,0,0,0,0,0,,,,
,,0,1,1,1,1,0,0,1,1,0,0,0,0,0,0,1,1,0,0,0,1,1,0,0,,,,
,,0,0,0,0,0,0,0,0,0,0,0,0,0,0,0,0,0,0,0,0,0,0,0,0,,,,
,,0,1,1,1,1,0,0,0,1,1,1,0,0,1,1,1,0,0,0,1,1,1,1,0,,,,
,,0,0,0,0,0,0,0,0,0,0,0,0,0,0,0,0,0,0,0,0,0,0,0,0,,,,
,,0,0,0,0,0,0,0,0,0,0,0,0,0,0,0,0,0,0,0,0,0,0,0,0,,,,
8,AC,0,0,0,0,0,0,0,0,0,0,0,0,0,0,0,0,0,0,0,0,0,0,0,0,,,,
,,0,1,1,0,0,0,0,1,1,1,0,0,0,1,1,1,0,0,0,0,1,1,0,0,,,,
,,0,0,1,0,0,0,0,0,0,1,0,0,0,0,1,1,0,0,0,0,1,1,0,0,,,,
,,0,0,1,0,0,0,0,0,0,1,0,0,0,0,1,1,0,0,0,0,1,1,0,0,,,,
,,0,0,1,1,1,0,0,0,0,1,1,0,0,0,1,1,1,0,0,0,1,1,0,0,,,,
,,0,0,0,0,0,0,0,0,0,0,0,0,0,0,0,0,0,0,0,0,0,0,0,0,,,,
9,AC,0,0,0,0,0,0,0,0,0,0,0,0,0,0,0,0,0,0,0,0,0,0,0,0,,,,
,,0,1,1,1,1,0,0,1,1,1,1,0,0,1,0,1,0,0,0,1,1,1,1,0,,,,
,,0,0,1,0,1,0,0,0,1,0,1,0,0,0,1,0,1,0,0,0,0,0,0,0,,,,
,,0,1,0,1,0,0,0,1,0,1,0,0,0,1,0,1,0,0,0,0,0,0,0,0,,,,
,,0,1,1,1,1,0,0,0,1,0,1,0,0,1,1,1,1,0,0,1,1,1,1,0,,,,
,,0,0,0,0,0,0,0,0,0,0,0,0,0,0,0,0,0,0,0,0,0,0,0,0,,,,
10,AC,0,0,0,0,0,0,0,0,0,0,0,0,0,0,0,0,0,0,0,0,0,0,0,0,,,,
,,0,0,0,0,1,0,0,0,0,0,1,0,0,1,0,0,1,0,0,1,0,0,1,0,,,,
,,0,0,1,1,0,0,0,0,1,0,0,0,0,0,1,1,0,0,0,0,1,0,0,0,,,,
,,0,0,1,1,0,0,0,0,0,1,0,0,0,0,1,1,0,0,0,0,0,1,0,0,,,,
,,0,1,0,0,0,0,0,1,0,0,1,0,0,1,0,0,1,0,0,1,0,0,0,0,,,,
,,0,0,0,0,0,0,0,0,0,0,0,0,0,0,0,0,0,0,0,0,0,0,0,0,,,,
11,AC,0,0,0,0,0,0,0,0,0,0,0,0,0,0,0,0,0,0,0,0,0,0,0,0,,,,
,,0,1,1,1,1,0,0,1,1,0,0,0,0,1,1,1,0,0,0,0,0,1,1,0,,,,
,,0,1,0,0,1,0,0,1,0,0,0,0,0,1,1,1,0,0,0,0,1,1,1,0,,,,
,,0,1,0,0,1,0,0,1,0,0,0,0,0,1,1,1,0,0,0,0,1,1,1,0,,,,
,,0,1,1,1,1,0,0,1,1,0,0,0,0,1,1,1,0,0,0,0,0,1,1,0,,,,
,,0,0,0,0,0,0,0,0,0,0,0,0,0,0,0,0,0,0,0,0,0,0,0,0,,,,
12,AC,0,0,0,0,0,0,0,0,0,0,0,0,0,0,0,0,0,0,0,0,0,0,0,0,,,,
,,0,0,0,0,0,0,0,0,1,1,0,0,0,0,1,1,0,0,0,0,1,1,0,0,,,,
,,0,0,1,1,0,0,0,0,1,1,0,0,0,0,1,1,0,0,0,1,1,1,1,0,,,,
,,0,0,1,1,0,0,0,0,1,1,0,0,0,1,1,1,1,0,0,1,1,1,1,0,,,,
,,0,1,1,1,1,0,0,1,1,1,1,0,0,1,1,1,1,0,0,1,1,1,1,0,,,,
,,0,0,0,0,0,0,0,0,0,0,0,0,0,0,0,0,0,0,0,0,0,0,0,0,,,,
13,AC,0,0,0,0,0,0,0,0,0,0,0,0,0,0,0,0,0,0,0,0,0,0,0,0,,,,
,,0,1,1,1,1,0,0,1,0,0,1,0,0,1,0,0,1,0,0,1,1,1,1,0,,,,
,,0,0,0,1,0,0,0,0,1,0,0,0,0,0,0,0,0,0,0,0,1,1,0,0,,,,
,,0,0,1,1,0,0,0,0,1,1,0,0,0,0,1,1,0,0,0,0,1,1,0,0,,,,
,,0,1,1,1,1,0,0,1,1,1,1,0,0,1,1,1,1,0,0,1,1,1,1,0,,,,
,,0,0,0,0,0,0,0,0,0,0,0,0,0,0,0,0,0,0,0,0,0,0,0,0,,,,
14,AC,0,0,1,1,0,0,0,0,0,0,0,0,0,0,1,1,0,0,0,0,0,0,0,0,,,,
,,0,1,0,0,1,0,0,1,0,0,1,0,0,1,0,0,1,0,0,1,0,0,1,0,,,,
,,1,0,1,1,0,1,1,0,1,0,0,1,1,0,0,1,0,1,1,0,1,1,0,1,,,,
,,1,0,1,1,0,1,1,0,0,1,0,1,1,0,1,0,0,1,1,0,1,1,0,1,,,,
,,0,1,0,0,1,0,0,1,0,0,1,0,0,1,0,0,1,0,0,1,0,0,1,0,,,,
,,0,0,1,1,0,0,0,0,1,1,0,0,0,0,1,1,0,0,0,0,1,1,0,0,,,,
15,AC,0,0,0,0,0,0,1,1,1,1,1,1,1,1,1,1,1,1,0,0,0,0,0,0,,,,
,,0,1,1,1,1,0,1,0,0,0,0,1,1,1,1,1,1,1,0,1,1,1,1,0,,,,
,,0,1,0,0,1,0,1,0,1,1,0,1,1,1,0,0,1,1,0,1,1,1,1,0,,,,
,,0,1,0,0,1,0,1,0,1,1,0,1,1,1,0,0,1,1,0,1,1,1,1,0,,,,
,,0,1,1,1,1,0,1,0,0,0,0,1,1,1,1,1,1,1,0,1,1,1,1,0,,,,
,,0,0,0,0,0,0,1,1,1,1,1,1,1,1,1,1,1,1,0,0,0,0,0,0,,,,
16,AC,0,0,0,0,0,0,1,1,1,1,1,0,0,0,0,0,0,0,1,1,1,1,1,0,,,,
,,0,0,0,0,0,0,1,0,0,0,1,0,0,1,1,1,0,0,1,1,1,1,1,0,,,,
,,0,0,1,0,0,0,1,0,0,0,1,0,0,1,0,1,0,0,1,1,1,1,1,0,,,,
,,0,0,0,0,0,0,1,0,0,0,1,0,0,1,1,1,0,0,1,1,1,1,1,0,,,,
,,0,0,0,0,0,0,1,1,1,1,1,0,0,0,0,0,0,0,1,1,1,1,1,0,,,,
,,0,0,0,0,0,0,0,0,0,0,0,0,0,0,0,0,0,0,0,0,0,0,0,0,,,,
17,AC,1,1,1,1,1,1,0,0,0,0,0,0,1,1,1,1,1,1,0,0,0,0,0,0,,,,
,,1,0,0,0,0,1,1,0,0,0,0,1,0,0,0,0,0,0,0,0,0,0,0,0,,,,
,,1,0,0,0,0,1,1,0,0,0,0,1,0,0,0,0,0,0,0,0,0,0,0,0,,,,
,,1,0,0,0,0,1,1,0,0,0,0,1,0,0,0,0,0,0,0,0,0,0,0,0,,,,
,,1,0,0,0,0,1,1,0,0,0,0,1,0,0,0,0,0,0,0,0,0,0,0,0,,,,
,,1,1,1,1,1,1,0,0,0,0,0,0,0,0,0,0,0,0,1,1,1,1,1,1,,,,
18,AC,0,1,1,1,1,0,0,1,1,1,1,0,0,0,0,0,0,0,0,1,1,1,1,0,,,,
,,1,1,1,1,1,1,1,1,1,1,1,1,1,1,1,1,1,1,1,1,1,1,1,1,,,,
,,1,1,0,1,1,1,1,1,0,0,1,1,1,1,0,0,1,1,1,1,0,0,1,1,,,,
,,1,1,0,0,1,1,1,1,1,0,1,1,1,1,0,0,1,1,1,1,0,0,1,1,,,,
,,1,1,1,1,1,1,1,1,1,1,1,1,1,1,1,1,1,1,1,1,1,1,1,1,,,,
,,0,1,1,1,1,0,0,1,1,1,1,0,0,0,0,0,0,0,0,1,1,1,1,0,,,,
19,AC,1,0,0,0,0,0,1,0,0,0,0,0,1,0,0,0,0,0,0,0,0,0,0,0,,,,
,,1,0,0,0,0,0,1,0,0,0,0,0,1,0,0,0,0,0,0,0,0,0,0,0,,,,
,,1,1,1,0,0,0,1,1,1,1,0,0,1,1,1,1,0,0,0,1,1,1,0,0,,,,
,,0,0,1,0,0,0,0,0,0,1,0,0,0,0,1,1,0,0,0,0,1,1,0,0,,,,
,,0,0,1,0,0,0,0,0,0,1,0,0,0,0,1,1,0,0,0,0,1,1,0,0,,,,
,,0,0,1,1,1,1,0,0,0,1,1,1,0,0,1,1,1,1,0,0,1,1,1,0,,,,
20,AC,0,0,0,0,0,0,0,0,0,0,0,0,0,0,0,0,0,0,0,0,0,0,0,0,,,,
,,0,0,0,0,0,0,0,0,0,0,0,0,0,0,0,0,0,0,0,0,0,0,0,0,,,,
,,0,1,1,1,0,0,1,1,1,1,0,1,1,1,1,1,1,0,1,1,1,1,1,1,,,,
,,0,0,1,1,1,0,1,0,1,1,1,1,0,1,1,1,1,1,1,1,1,1,1,1,,,,
,,0,0,0,0,0,0,0,0,0,0,0,0,0,0,0,0,0,0,0,0,0,0,0,0,,,,
,,0,0,0,0,0,0,0,0,0,0,0,0,0,0,0,0,0,0,0,0,0,0,0,0,,,,
21,AC,0,0,0,0,0,0,0,0,0,0,0,0,0,0,0,0,0,0,0,0,0,0,0,0,,,,
,,0,1,1,1,1,0,0,1,1,1,1,0,0,1,1,1,1,0,0,0,0,0,0,0,,,,
,,0,1,0,0,1,0,0,1,1,1,1,0,0,1,1,1,1,0,0,1,1,1,1,0,,,,
,,0,1,0,0,1,0,0,1,0,0,1,0,0,1,0,0,1,0,0,1,0,0,1,0,,,,
,,0,1,0,0,1,0,0,1,0,0,1,0,0,0,0,0,0,0,0,1,0,0,1,0,,,,
,,0,1,0,0,1,0,0,1,0,0,1,0,0,0,0,0,0,0,0,1,0,0,1,0,,,,
22,AC,0,0,0,0,0,0,0,0,0,0,0,0,0,0,0,0,0,0,0,0,0,0,0,0,,,,
,,0,1,1,1,0,0,0,1,1,1,0,0,0,0,1,1,0,0,0,1,1,0,0,0,,,,
,,0,1,0,0,0,0,0,1,1,0,0,0,0,0,1,0,0,0,0,1,1,0,0,0,,,,
,,0,1,0,0,0,0,0,1,1,0,0,0,0,0,1,0,0,0,0,1,1,0,0,0,,,,
,,0,1,1,1,0,0,0,1,1,1,0,0,0,0,1,1,0,0,0,1,1,0,0,0,,,,
,,0,0,0,0,0,0,0,0,0,0,0,0,0,0,0,0,0,0,0,0,0,0,0,0,,,,
23,AC,0,0,0,0,0,0,0,0,0,0,0,0,0,0,0,0,0,0,0,0,0,0,0,0,,,,
,,0,1,0,1,0,0,0,1,1,1,1,0,0,0,1,0,1,0,0,0,0,1,1,0,,,,
,,0,0,1,0,1,0,0,1,1,1,1,0,0,1,0,1,0,0,0,1,1,0,0,0,,,,
,,0,1,0,1,0,0,0,1,1,1,1,0,0,0,1,0,1,0,0,0,0,1,1,0,,,,
,,0,0,1,0,1,0,0,1,1,1,1,0,0,1,0,1,0,0,0,1,1,0,0,0,,,,
,,0,0,0,0,0,0,0,0,0,0,0,0,0,0,0,0,0,0,0,0,0,0,0,0,,,,
24,AC,0,0,0,0,0,0,0,0,0,0,0,0,0,0,0,0,0,0,0,0,0,0,0,0,,,,
,,0,0,0,0,0,0,0,0,0,0,0,0,0,0,0,0,0,0,0,0,0,0,0,0,,,,
,,1,1,1,1,1,1,1,1,1,0,1,1,1,1,0,1,1,1,1,0,0,0,0,1,,,,
,,1,0,1,1,0,1,1,0,1,0,0,1,1,0,0,1,0,1,1,0,0,0,0,1,,,,
,,1,0,1,1,0,1,1,0,1,0,0,1,1,0,0,1,0,1,1,0,0,0,0,1,,,,
,,0,0,0,0,0,0,0,0,0,0,0,0,0,0,0,0,0,0,0,0,0,0,0,0,,,,
25,AC,1,0,0,0,0,1,0,1,1,1,1,0,1,1,1,1,1,1,1,0,0,0,0,0,,,,
,,0,1,1,1,1,0,1,0,0,0,0,1,1,1,1,1,1,1,0,0,0,0,0,1,,,,
,,1,0,0,0,0,1,0,1,1,1,1,0,1,1,1,1,1,1,1,0,0,0,0,0,,,,
,,0,1,1,1,1,0,1,0,0,0,0,1,1,1,1,1,1,1,0,0,0,0,0,1,,,,
,,1,0,0,0,0,1,0,1,1,1,1,0,1,1,1,1,1,1,1,0,0,0,0,0,,,,
,,0,1,1,1,1,0,1,0,0,0,0,1,1,1,1,1,1,1,0,0,0,0,0,1,,,,
26,AC,0,0,0,1,1,1,0,0,0,0,1,1,0,0,0,1,1,1,0,0,0,1,0,0,,,,
,,0,0,1,1,0,0,0,0,0,1,1,0,0,0,1,1,0,0,0,0,1,1,0,0,,,,
,,0,0,1,0,0,0,0,0,0,1,0,0,0,0,1,1,0,0,0,0,1,1,0,0,,,,
,,0,1,1,0,0,0,0,0,1,1,0,0,0,1,1,1,0,0,0,1,1,1,0,0,,,,
,,0,1,0,0,0,0,0,0,1,0,0,0,0,1,1,0,0,0,0,1,1,0,0,0,,,,
,,1,1,0,0,0,0,1,1,1,0,0,0,1,1,1,0,0,0,0,0,1,0,0,0,,,,
27,AC,0,1,1,1,0,0,0,0,1,1,1,0,0,0,1,1,0,0,0,1,1,1,1,0,,,,
,,0,1,0,1,1,0,0,1,1,0,1,0,0,1,0,0,1,0,1,1,1,1,1,1,,,,
,,0,0,0,0,0,0,0,0,0,0,0,0,0,0,0,0,0,0,0,0,0,0,0,0,,,,
,,0,0,0,0,0,0,0,0,0,0,0,0,0,0,0,0,0,0,0,0,0,0,0,0,,,,
,,0,0,0,0,0,0,0,0,0,0,0,0,0,0,0,0,0,0,0,0,0,0,0,0,,,,
,,0,0,0,0,0,0,0,0,0,0,0,0,0,0,0,0,0,0,0,0,0,0,0,0,,,,
28,AC,1,0,0,0,0,0,1,0,0,0,0,0,1,0,0,0,0,0,1,0,0,0,0,0,,,,
,,1,1,0,0,0,0,1,1,0,0,0,0,1,1,0,0,0,0,1,1,0,0,0,0,,,,
,,1,1,1,0,0,0,1,0,1,0,0,0,1,1,1,0,0,0,1,0,1,0,0,0,,,,
,,1,0,1,1,0,0,1,1,0,1,0,0,1,1,1,1,0,0,1,0,0,1,0,0,,,,
,,1,1,0,1,1,0,1,0,1,0,1,0,1,1,1,1,1,0,1,0,0,0,1,0,,,,
,,1,1,1,1,1,1,1,1,1,1,1,1,1,1,1,1,1,1,1,1,1,1,1,1,,,,
29,AC,1,1,0,0,0,0,1,1,0,0,0,0,0,0,1,1,1,1,1,1,1,1,1,1,,,,
,,1,1,0,0,0,0,1,1,0,0,0,0,0,0,1,1,1,1,1,1,1,1,1,1,,,,
,,1,1,0,0,0,0,1,1,0,0,0,0,0,0,1,1,1,1,1,1,1,1,1,1,,,,
,,1,1,1,0,0,0,1,1,1,1,0,0,0,0,1,1,1,1,1,1,1,1,1,1,,,,
,,1,1,1,0,0,0,1,1,1,1,1,0,0,0,1,1,1,1,1,1,1,1,1,1,,,,
,,1,1,1,1,0,0,1,1,1,1,1,1,0,0,0,0,0,1,1,1,1,1,1,1,,,,
30,AC,1,1,1,0,0,0,0,1,0,1,0,0,1,1,1,1,0,0,0,0,0,0,0,0,,,,
,,0,0,0,1,1,1,0,1,0,1,0,0,0,1,0,1,1,1,1,0,1,0,0,0,,,,
,,1,1,1,0,0,0,0,1,0,1,0,0,1,1,1,1,0,0,0,0,0,0,0,0,,,,
,,0,0,0,1,1,1,0,0,1,0,1,0,0,0,1,1,1,1,0,0,0,0,0,0,,,,
,,1,1,1,0,0,0,0,0,1,0,1,0,1,1,1,0,1,0,0,0,0,1,0,1,,,,
,,0,0,0,1,1,1,0,0,1,0,1,0,0,0,1,1,1,1,0,0,0,0,0,0,,,,
31,AC,0,0,0,0,0,0,0,0,0,0,0,0,0,0,0,0,0,0,0,0,0,0,0,0,,,,
,,0,1,0,0,1,0,0,1,0,0,1,0,0,1,0,0,1,0,0,1,0,0,1,0,,,,
,,0,0,0,0,0,0,0,0,0,0,0,0,0,0,0,0,0,0,0,0,0,0,0,0,,,,
,,1,0,0,0,0,1,1,1,1,1,1,1,1,1,1,1,1,1,1,0,0,0,0,1,,,,
,,0,1,0,0,1,0,0,1,0,0,1,0,0,1,1,1,1,0,0,1,1,1,1,0,,,,
,,0,0,1,1,0,0,0,0,1,1,0,0,0,0,1,1,0,0,0,0,1,1,0,0,,,,
32,AC,1,1,1,1,1,1,0,0,0,0,0,0,0,1,1,1,1,1,1,1,1,1,1,1,,,,
,,1,0,0,0,0,0,0,1,1,1,1,1,0,1,1,1,1,1,1,0,0,0,0,0,,,,
,,1,1,1,1,1,1,0,1,1,1,1,1,0,0,0,0,0,0,1,0,0,0,0,0,,,,
,,1,1,1,1,1,1,0,0,0,0,0,0,0,1,1,1,1,1,1,0,0,0,0,0,,,,
,,1,0,0,0,0,0,0,1,1,1,1,1,0,1,1,1,1,1,1,0,0,0,0,0,,,,
,,1,1,1,1,1,1,0,1,1,1,1,1,0,0,0,0,0,0,1,1,1,1,1,1,,,,
33,AC,0,1,1,1,1,1,0,1,0,0,0,0,0,1,1,1,1,1,0,0,0,0,0,0,,,,
,,0,0,0,0,0,1,0,1,0,0,0,0,0,1,0,0,0,1,0,1,0,0,0,0,,,,
,,0,0,1,1,1,1,0,1,0,0,0,0,0,1,1,1,1,1,0,1,0,0,0,0,,,,
,,0,1,0,0,0,0,0,1,1,1,1,1,0,1,1,1,1,1,0,1,1,1,1,1,,,,
,,0,1,0,0,0,0,0,1,0,0,0,1,0,1,0,0,0,1,0,1,0,0,0,1,,,,
,,0,1,0,0,0,0,0,1,1,1,1,1,0,1,1,1,1,1,0,1,1,1,1,1,,,,
34,FC,0,0,0,0,0,0,0,1,0,0,0,0,0,0,0,0,0,0,0,0,0,0,0,0,,,,
,,0,1,1,1,1,0,0,1,1,1,1,0,0,0,0,0,0,0,0,0,0,0,0,0,,,,
,,0,1,1,1,1,0,0,1,1,1,1,0,0,1,1,1,1,0,0,1,1,1,1,0,,,,
,,0,1,1,1,1,0,0,1,1,1,1,0,0,1,1,1,1,0,0,1,1,1,1,0,,,,
,,0,1,1,1,1,0,0,0,0,0,0,0,0,1,1,1,1,0,0,1,1,1,1,0,,,,
,,0,0,0,0,0,0,0,0,0,0,0,0,0,0,0,0,1,0,0,1,0,0,0,0,,,,
35,NV,0,0,0,0,0,0,0,0,0,0,0,0,0,0,0,0,0,0,0,0,0,0,0,0,,,,
,,0,1,0,0,0,0,0,0,0,0,1,0,0,1,1,1,1,0,0,1,1,1,1,0,,,,
,,0,1,1,0,0,0,0,0,0,1,1,0,0,1,1,1,0,0,0,0,1,1,1,0,,,,
,,0,1,1,1,0,0,0,0,1,1,1,0,0,1,1,0,0,0,0,0,0,1,1,0,,,,
,,0,1,1,1,1,0,0,1,1,1,1,0,0,1,0,0,0,0,0,0,0,0,1,0,,,,
,,0,0,0,0,0,0,0,0,0,0,0,0,0,0,0,0,0,0,0,0,0,0,0,0,,,,
36,AC,0,0,0,0,0,0,0,0,0,0,0,0,0,0,0,0,0,0,0,0,0,0,0,0,,,,
,,0,0,0,0,0,0,0,0,0,1,0,0,0,0,0,0,0,0,0,0,0,0,0,0,,,,
,,0,1,1,1,0,0,0,0,1,1,0,0,0,0,1,1,1,0,0,1,1,0,0,0,,,,
,,0,1,1,1,0,0,0,0,1,1,0,0,0,0,1,1,0,0,0,1,1,0,0,0,,,,
,,0,0,0,0,0,0,0,0,0,0,0,0,0,0,0,0,0,0,0,0,1,0,0,0,,,,
,,0,0,0,0,0,0,0,0,0,0,0,0,0,0,0,0,0,0,0,0,0,0,0,0,,,,
37,AC,0,0,0,0,0,0,0,0,0,0,0,0,0,0,0,0,0,0,0,0,0,0,0,0,,,,
,,0,1,1,1,1,0,0,0,0,0,0,0,0,0,0,0,0,0,0,0,0,0,0,0,,,,
,,0,1,1,1,1,0,0,1,1,0,0,0,0,0,1,1,0,0,0,1,1,1,1,1,,,,
,,0,1,1,1,1,0,0,1,1,0,0,0,0,0,1,1,0,0,0,1,1,1,1,1,,,,
,,0,1,1,1,1,0,0,1,1,0,0,0,0,0,1,1,0,0,0,1,1,1,1,1,,,,
,,0,0,0,0,0,0,0,1,1,0,0,0,0,0,1,1,0,0,0,0,0,0,0,0,,,,
38,AC,0,0,0,0,0,0,0,0,0,0,0,0,0,0,0,0,0,0,0,0,0,0,0,0,,,,
,,0,0,1,1,0,0,0,0,0,0,0,0,0,0,0,1,1,0,0,1,1,0,0,0,,,,
,,0,0,1,1,0,0,0,0,0,0,0,0,0,0,0,1,1,0,0,1,1,0,0,0,,,,
,,0,0,1,1,0,0,0,0,1,1,0,0,0,0,0,1,1,0,0,1,1,0,0,0,,,,
,,0,0,1,1,0,0,0,0,1,1,0,0,0,0,0,1,1,0,0,1,1,0,0,0,,,,
,,0,0,0,0,0,0,0,0,1,1,0,0,0,0,0,0,0,0,0,0,0,0,0,0,,,,
39,AC,0,0,1,1,0,0,0,0,0,1,1,0,0,1,1,0,0,0,0,0,0,0,0,0,,,,
,,0,0,1,1,0,0,0,0,0,1,1,0,0,1,1,0,0,0,0,0,0,0,0,0,,,,
,,1,1,1,1,1,1,0,0,0,1,1,0,0,1,1,0,0,0,0,0,0,0,0,0,,,,
,,1,1,1,1,1,1,0,0,0,1,1,0,0,1,1,0,0,0,1,1,1,1,1,1,,,,
,,0,0,1,1,0,0,0,0,0,1,1,0,0,1,1,0,0,0,1,1,1,1,1,1,,,,
,,0,0,1,1,0,0,0,0,0,1,1,0,0,1,1,0,0,0,0,0,0,0,0,0,,,,
40,AC,0,0,0,0,0,0,0,0,0,0,0,0,0,0,0,0,0,0,0,0,0,0,0,0,,,,
,,0,0,0,0,0,0,0,1,1,0,0,0,0,0,0,1,1,0,0,0,0,0,0,0,,,,
,,1,1,1,1,1,1,1,1,1,0,0,0,0,0,0,1,1,1,0,1,1,1,1,0,,,,
,,1,1,1,1,1,1,1,1,1,0,0,0,0,0,0,1,1,1,0,1,1,1,1,0,,,,
,,1,1,1,1,1,1,1,1,1,0,0,0,0,0,0,1,1,1,0,1,1,1,1,0,,,,
,,0,0,0,0,0,0,0,0,0,0,0,0,0,0,0,0,0,0,0,1,1,1,1,0,,,,
41,AC,0,0,0,0,0,0,1,1,0,0,0,0,0,0,0,0,1,1,0,0,0,0,0,0,,,,
,,1,1,0,0,1,1,1,1,0,0,0,0,0,0,0,0,1,1,0,0,0,0,0,0,,,,
,,1,1,0,0,1,1,1,1,0,0,0,0,0,0,0,0,1,1,1,1,1,0,1,1,,,,
,,1,1,0,0,1,1,0,0,0,0,1,1,1,1,0,0,0,0,1,1,0,1,1,1,,,,
,,1,1,0,0,1,1,0,0,0,0,1,1,1,1,0,0,0,0,0,0,0,0,0,0,,,,
,,0,0,0,0,0,0,0,0,0,0,1,1,1,1,0,0,0,0,0,0,0,0,0,0,,,,
42,AC,1,0,0,0,0,0,1,1,1,0,0,0,0,0,0,0,0,0,0,0,0,0,0,0,,,,
,,1,1,0,0,0,0,1,1,1,0,0,0,0,0,0,0,0,0,0,0,0,0,0,0,,,,
,,1,1,1,0,0,0,1,1,1,0,0,0,1,1,1,0,0,0,1,1,1,1,0,0,,,,
,,1,1,1,0,0,0,1,1,1,0,0,0,1,1,1,0,0,0,1,1,1,1,0,0,,,,
,,1,1,0,0,0,0,0,0,0,0,0,0,1,1,1,0,0,0,0,0,0,0,0,0,,,,
,,1,0,0,0,0,0,0,0,0,0,0,0,1,1,1,0,0,0,0,0,0,0,0,0,,,,
43,AC,0,0,1,1,0,0,1,1,1,0,0,0,0,0,0,1,1,1,0,0,0,0,0,0,,,,
,,0,1,1,1,1,0,1,1,1,0,0,0,0,0,0,1,1,1,0,0,0,0,0,0,,,,
,,1,1,1,1,1,1,1,1,1,1,0,0,0,0,1,1,1,1,0,0,1,1,0,0,,,,
,,1,1,1,1,1,1,0,0,1,1,0,0,0,0,1,1,0,0,1,1,1,1,1,1,,,,
,,0,1,1,1,1,0,0,0,0,0,0,0,0,0,0,0,0,0,1,1,1,1,1,1,,,,
,,0,0,1,1,0,0,0,0,0,0,0,0,0,0,0,0,0,0,1,1,1,1,1,1,,,,
44,AC,0,0,0,0,0,0,0,0,0,0,0,0,0,0,0,1,0,0,0,0,0,0,0,0,,,,
,,0,0,1,1,0,0,0,0,0,0,0,0,0,0,0,1,0,0,0,0,1,1,0,0,,,,
,,0,1,1,1,1,0,0,0,1,1,1,1,0,1,1,1,0,0,0,0,1,1,0,0,,,,
,,0,1,1,1,1,0,0,0,1,1,0,0,0,1,1,1,0,0,0,0,1,1,0,0,,,,
,,0,0,1,1,0,0,0,0,1,1,0,0,0,0,0,0,0,0,0,0,1,0,0,0,,,,
,,0,0,0,0,0,0,0,0,0,0,0,0,0,0,0,0,0,0,0,0,1,0,0,0,,,,
45,AC,0,0,0,0,0,0,0,0,0,0,0,0,0,0,0,0,0,0,0,0,0,0,0,0,,,,
,,0,0,0,0,0,0,0,0,0,0,0,0,0,0,0,1,0,0,0,0,1,1,0,0,,,,
,,1,1,1,1,1,1,0,1,1,0,0,0,0,0,0,1,1,0,0,1,1,1,1,0,,,,
,,1,1,1,1,1,1,0,1,1,0,0,0,0,0,0,1,1,0,0,1,1,1,1,0,,,,
,,0,0,0,0,0,0,0,0,1,0,0,0,0,0,0,0,0,0,0,0,1,1,0,0,,,,
,,0,0,0,0,0,0,0,0,0,0,0,0,0,0,0,0,0,0,0,0,0,0,0,0,,,,
46,AC,1,1,1,0,1,1,1,1,1,0,1,1,1,1,1,0,0,0,0,1,1,0,0,0,,,,
,,1,0,1,0,1,0,0,0,1,0,1,1,1,0,1,0,0,0,0,1,1,0,0,0,,,,
,,1,0,1,0,1,0,0,0,1,0,1,1,1,0,1,0,0,0,0,0,1,0,0,0,,,,
,,1,0,1,0,1,0,0,0,1,0,1,1,1,0,1,0,0,0,0,0,1,0,0,0,,,,
,,1,0,1,0,1,0,0,0,1,0,1,1,1,0,1,0,1,1,0,0,1,1,0,0,,,,
,,1,0,1,1,1,0,0,0,1,1,1,1,1,0,1,1,1,1,0,0,1,1,0,0,,,,
47,AC,0,1,1,1,1,0,0,0,0,0,0,0,0,0,0,0,0,0,1,1,1,1,1,1,,,,
,,0,1,1,1,1,0,0,0,0,0,0,0,0,0,0,0,0,0,1,1,1,1,1,1,,,,
,,0,1,1,1,1,0,0,0,0,0,0,0,0,0,0,0,0,0,1,1,1,1,1,1,,,,
,,0,1,1,1,1,0,0,1,1,1,1,1,1,1,1,1,1,0,1,1,1,1,1,1,,,,
,,0,1,1,1,1,0,0,1,1,1,1,1,1,1,1,1,1,0,0,0,0,0,0,0,,,,
,,0,1,1,1,1,0,0,1,1,1,1,1,1,1,1,1,1,0,0,0,0,0,0,0,,,,
48,AC,0,0,0,1,1,1,0,0,0,1,1,1,0,0,0,0,0,0,0,0,0,0,0,0,,,,
,,0,0,0,1,1,1,0,0,0,1,1,1,0,0,0,0,0,0,0,0,0,0,0,0,,,,
,,0,0,0,1,1,1,0,0,1,1,1,1,0,0,1,1,1,1,1,0,0,0,0,0,,,,
,,1,1,1,1,1,1,0,0,0,1,1,1,0,0,0,1,1,1,1,1,1,1,1,1,,,,
,,1,1,1,1,1,1,0,0,0,0,0,0,0,0,0,1,1,1,1,1,1,1,1,1,,,,
,,1,1,1,1,1,1,0,0,0,0,0,0,0,0,0,1,1,1,1,1,1,1,1,1,,,,
49,NV,0,0,0,0,0,0,0,1,0,0,0,0,0,0,0,0,0,0,0,0,0,0,0,0,,,,
,,0,1,1,1,1,0,0,1,1,1,1,0,0,1,1,1,1,1,0,1,1,1,1,0,,,,
,,0,1,1,1,1,0,0,1,1,1,1,0,0,1,1,1,1,0,0,1,1,1,1,0,,,,
,,0,1,1,1,1,0,0,1,1,1,1,0,0,1,1,1,1,0,0,1,1,1,1,0,,,,
,,0,1,1,1,1,0,0,1,1,1,1,0,0,1,1,1,1,0,0,1,1,1,1,0,,,,
,,0,0,0,0,0,0,0,0,0,0,0,0,0,0,0,0,0,0,0,1,0,0,0,0,,,,
50,,0,0,0,0,0,0,0,0,0,0,0,0,0,0,0,0,0,0,0,0,0,0,0,0,,,,
,,0,0,0,0,0,0,0,0,0,0,0,0,0,0,0,0,0,0,0,0,0,0,0,0,,,,
,,0,0,0,0,0,0,0,0,0,0,0,0,0,0,0,0,0,0,0,0,0,0,0,0,,,,
,,0,0,0,0,0,0,0,0,0,0,0,0,0,0,0,0,0,0,0,0,0,0,0,0,,,,
,,0,0,0,0,0,0,0,0,0,0,0,0,0,0,0,0,0,0,0,0,0,0,0,0,,,,
,,0,0,0,0,0,0,0,0,0,0,0,0,0,0,0,0,0,0,0,0,0,0,0,0,,,,